country,year,primary_energy_consumption,per_capita_energy,population,gdp,pm25_concentration,pm10_concentration,no2_concentration,num_cities_measured
Afghanistan,2019,47.112,1.2445013851787525e-06,37856125.0,73085701943.0,119.77,,,1
Albania,2014,25.747,8.866816266425323e-06,2903748.0,28597169040.0,,15.25,,1
Albania,2015,24.038,8.292871745794743e-06,2898634.0,29231663899.0,21.79,25.4675,18.585,5
Albania,2016,26.761,9.234720145983185e-06,2897868.0,30200694449.0,21.48,29.16,21.186666666666667,4
Albania,2017,29.29,1.0106115942579044e-05,2898245.0,31348975722.0,,,24.7,1
Albania,2019,24.898,8.630123074054137e-06,2885011.0,33289747424.0,10.32,,,1
Algeria,2019,694.349,1.6037791915199675e-05,43294551.0,589905104177.0,21.53,,,1
Argentina,2014,993.008,2.3080289171147937e-05,43024071.0,827750786191.0,10.11,,,1
Argentina,2015,1009.992,2.323048380671799e-05,43477011.0,850356641236.0,10.26,27.87,,1
Argentina,2016,1005.722,2.290922214858063e-05,43900312.0,832669278245.0,,26.88,15.35,1
Argentina,2017,996.988,2.2511013934011183e-05,44288898.0,856142153676.0,,25.4,19.57,1
Argentina,2018,986.055,2.2081687115198795e-05,44654876.0,833736983405.0,,24.4,16.6,1
Argentina,2019,925.658,2.058231265193263e-05,44973469.0,817053926667.0,,25.5,18.25,1
Australia,2010,1508.838,6.81449921624845e-05,22141583.0,993853968687.0,15.186666666666667,17.728333333333335,,9
Australia,2011,1558.602,6.933351079652519e-05,22479779.0,1024000293343.0,12.591666666666667,16.171666666666667,,9
Australia,2012,1536.113,6.721816220159694e-05,22852648.0,1062662906305.0,14.45,17.790000000000003,7.965,12
Australia,2013,1555.586,6.694645625367341e-05,23236271.0,1086068056518.0,9.940000000000001,18.134090909090908,12.176,27
Australia,2014,1566.458,6.638771916746e-05,23595599.0,1113888062929.0,7.48590909090909,17.728125,11.102857142857143,35
Australia,2015,1601.626,6.687933024210751e-05,23947997.0,1139303344945.0,7.1545000000000005,17.9115625,8.89,33
Australia,2016,1606.889,6.604568202590362e-05,24329963.0,1169967279612.0,6.845238095238095,16.717,10.221538461538461,32
Australia,2017,1602.028,6.477801745854319e-05,24731044.0,1197832839959.0,7.28,16.844,7.8999999999999995,5
Australia,2018,1625.908,6.47264099491634e-05,25119700.0,1231576952488.0,8.06,18.991999999999997,6.9366666666666665,5
Australia,2019,1680.293,6.59385417110595e-05,25482714.0,1255505542015.0,7.455,16.82536231884058,9.826666666666668,69
Austria,2010,421.558,5.039493313100031e-05,8365087.0,338832243101.0,18.35727272727273,23.107884615384613,22.098363636363636,115
Austria,2013,410.852,4.844146805289827e-05,8481411.0,352182904722.0,15.902173913043478,20.749895833333333,21.080654205607477,118
Austria,2014,394.889,4.6197670234207305e-05,8547812.0,354511819035.0,13.110999999999999,18.08742268041237,19.42185185185185,117
Austria,2015,396.383,4.585623592309936e-05,8644037.0,358108266932.0,13.707083333333332,19.37056179775281,20.365471698113204,116
Austria,2016,409.651,4.688198106643229e-05,8737920.0,365232738553.0,12.143714285714287,16.858383838383837,19.05275229357798,118
Austria,2017,417.569,4.7457607470309234e-05,8798779.0,373481694490.0,12.575135135135136,17.264200000000002,19.141018518518518,119
Austria,2018,408.402,4.61906840270705e-05,8841653.0,382540042762.0,13.563055555555556,18.652659574468085,17.6092523364486,115
Austria,2019,427.96,4.8188939919890786e-05,8880876.0,388344674039.0,11.086857142857143,15.497525773195877,16.63601851851852,116
Bahamas,2018,12.155,3.095096226809059e-05,392718.0,,5.23,5.81,,1
Bahamas,2019,12.596,3.191413890606156e-05,394684.0,,4.06,4.49,,1
Bahamas,2020,10.48,2.6473069714100953e-05,395874.0,,3.2,3.65,,1
Bahrain,2010,172.235,0.00014196190721105662,1213248.0,39778047298.0,,243.9,,1
Bahrain,2011,170.415,0.0001412201373460409,1206733.0,43727144774.0,,199.65,,2
Bahrain,2012,183.069,0.00015051216510305373,1216307.0,45357290589.0,57.8975,249.57199999999997,,5
Bahrain,2016,203.139,0.00014209409705730729,1429609.0,52953446666.0,60.75,,,1
Bahrain,2017,208.994,0.00014102130697441232,1482003.0,55226208950.0,62.64,,,1
Bahrain,2018,210.304,0.00014042416237879216,1497634.0,56391482183.0,,106.37,,3
Bahrain,2019,231.261,0.0001556605583320713,1485675.0,57613480945.0,43.38999999999999,115.95666666666665,51.625,3
Bangladesh,2010,251.074,1.6496106246398454e-06,152201978.0,400087800634.0,92.65,173.4,,4
Bangladesh,2011,271.629,1.7685207409904563e-06,153591074.0,431418704062.0,101.475,139.25,,4
Bangladesh,2012,295.028,1.902545887147433e-06,155070110.0,458456647637.0,100.975,168.05,,4
Bangladesh,2013,306.577,1.9585563178995566e-06,156532134.0,486135250102.0,76.2475,129.3475,28.580000000000002,8
Bangladesh,2014,318.558,2.0166374775930486e-06,157964931.0,516793803718.0,75.16125,143.5125,37.395714285714284,8
Bangladesh,2015,385.102,2.4162022769040137e-06,159383179.0,552104723056.0,74.25874999999999,129.00714285714284,40.137142857142855,8
Bangladesh,2016,386.701,2.4046784985497406e-06,160811934.0,589932630231.0,67.465,124.47200000000001,,6
Bangladesh,2017,402.965,2.4845833626258065e-06,162186146.0,630957812405.0,50.25111111111111,126.70444444444443,32.16,9
Bangladesh,2018,430.288,2.631358972021502e-06,163523109.0,678912369102.0,72.29375,146.69375,32.107142857142854,8
Bangladesh,2019,482.562,2.926160002124756e-06,164913060.0,717214595514.0,86.48,,,1
Belgium,2010,764.788,6.992910697538242e-05,10936619.0,411261674695.0,16.721818181818183,26.098780487804877,25.02320754716981,59
Belgium,2013,701.919,6.28944066531682e-05,11160277.0,425993254852.0,14.81,23.496086956521737,23.980338983050846,63
Belgium,2014,650.851,5.805927201625889e-05,11210113.0,432717694183.0,12.1753125,20.555833333333336,21.754666666666665,65
Belgium,2015,657.427,5.830666449555543e-05,11275332.0,441551470878.0,12.627708333333333,20.524375,21.017868852459014,66
Belgium,2016,709.509,6.260719526234994e-05,11332707.0,447144517813.0,12.4475,19.793541666666666,21.65576271186441,65
Belgium,2017,716.042,6.293998821966139e-05,11376583.0,454386396677.0,12.10891304347826,19.56127659574468,21.63293103448276,64
Belgium,2018,714.205,6.249273752323993e-05,11428608.0,462533269863.0,12.55177777777778,20.869333333333334,20.02,60
Belgium,2019,738.369,6.42583957371154e-05,11490623.0,472897988852.0,10.925531914893616,18.669787234042552,18.74157894736842,62
Bhutan,2010,3.645,5.194986588525707e-06,701638.0,,,47.0,,1
Bhutan,2011,3.784,5.3341828931175785e-06,709387.0,,,63.25,,4
Bhutan,2012,4.131,5.759192960149898e-06,717288.0,,,94.0,,4
Bhutan,2013,4.415,6.087287427510954e-06,725282.0,,,93.25,,4
Bhutan,2014,4.4,6.001492189194314e-06,733151.0,,,109.75,,4
Bhutan,2015,4.605,6.217738309504296e-06,740623.0,,,158.5,,2
Bosnia And Herzegovina,2010,61.732,1.6196333182910575e-05,3811480.0,35774435069.0,64.77,49.61,25.79,2
Bosnia And Herzegovina,2016,63.018,1.814513516711935e-05,3472997.0,39438504839.0,43.20333333333334,42.86000000000001,18.385714285714283,10
Bosnia And Herzegovina,2017,65.853,1.9206494386767634e-05,3428684.0,40717914490.0,48.9875,40.00714285714286,23.255,12
Bosnia And Herzegovina,2018,62.607,1.8484505014616183e-05,3386999.0,42277004927.0,49.825,52.83166666666667,21.778750000000002,9
Bosnia And Herzegovina,2019,59.118,1.767073218848303e-05,3345532.0,43497123759.0,38.95666666666667,39.714285714285715,21.063333333333333,9
Brazil,2010,3188.735,1.646207130480284e-05,193701931.0,2820492538862.0,16.776666666666667,35.28666666666667,24.54642857142857,48
Brazil,2011,3316.323,1.6981987778092396e-05,195284736.0,2968455007203.0,15.646,36.951034482758615,24.561714285714285,58
Brazil,2012,3408.335,1.731207990681937e-05,196876113.0,3025484250011.0,15.307999999999998,35.69578125,25.07428571428571,65
Brazil,2013,3500.955,1.7638982077082586e-05,198478290.0,3116394665745.0,14.16,35.051803278688524,23.110243902439024,63
Brazil,2014,3575.635,1.7870568749823015e-05,200085126.0,3132099937531.0,15.958823529411765,34.316567164179105,22.005641025641026,69
Brazil,2015,3535.438,1.753032670784945e-05,201675534.0,3021043246476.0,13.257692307692308,31.770535714285717,21.569714285714287,59
Brazil,2016,3451.454,1.6983988454414703e-05,203218108.0,2922076150345.0,15.6,31.21969696969697,22.977083333333336,35
Brazil,2018,3486.378,1.6915357156381655e-05,206107265.0,3013541086239.0,15.223333333333333,26.726857142857146,17.48225806451613,39
Brazil,2019,3567.019,1.7194143828242185e-05,207455459.0,3050327159562.0,15.43,25.812368421052632,16.955625,43
Bulgaria,2010,211.471,2.8432716278947198e-05,7437594.0,109045208364.0,23.8475,44.917142857142856,21.511764705882353,28
Bulgaria,2013,198.108,2.7270305818416833e-05,7264605.0,109643527181.0,19.955714285714286,39.934074074074076,18.21294117647059,28
Bulgaria,2014,211.55,2.9286559746381577e-05,7223450.0,110703533681.0,21.735714285714288,41.48518518518518,18.599285714285713,28
Bulgaria,2015,224.68,3.1303313194051146e-05,7177515.0,114498611934.0,23.966,37.89333333333333,18.27625,28
Bulgaria,2016,213.117,2.9900934922460194e-05,7127436.0,117979077002.0,19.228,35.321999999999996,20.17,27
Bulgaria,2017,218.174,3.0834516500410844e-05,7075642.0,121237951710.0,19.565714285714286,33.94724137931035,18.365882352941178,29
Bulgaria,2018,218.814,3.114903103244317e-05,7024745.0,124492855771.0,19.584285714285716,32.97538461538461,18.149333333333335,27
Bulgaria,2019,211.551,3.032786626728594e-05,6975466.0,129520075495.0,16.538571428571426,29.003103448275862,18.33875,29
Cameroon,2012,32.035,1.5394389013110818e-06,20809530.0,56263171005.0,82.66666666666667,103.66666666666667,,3
Canada,2013,4004.351,0.00011345885115529038,35293421.0,1514296485427.0,6.885225225225225,13.552,,126
Canada,2015,4021.453,0.00011182433150152288,35962236.0,1568025782105.0,6.889133333333333,13.1776,11.560185185185185,154
Canada,2016,3973.037,0.00010928944777983978,36353345.0,1583727974022.0,5.857341772151899,12.0732,10.903893129770992,171
Canada,2017,4026.635,0.00010939416761857548,36808498.0,1631871440185.0,6.78319018404908,15.0915,11.219626865671643,174
Canada,2018,4082.489,0.00010946479254214158,37294996.0,1677189073139.0,7.503928571428572,15.261904761904763,11.512657342657342,180
Canada,2019,4059.989,0.00010745563062942651,37782934.0,1708858221312.0,5.92125,13.236842105263158,11.104326241134752,180
Chile,2010,363.948,2.1182596615899355e-05,17181463.0,321457401232.0,25.83818181818182,63.805,21.296363636363637,12
Chile,2011,385.712,2.2228920210629323e-05,17351810.0,338708860136.0,26.223636363636363,69.335,21.66,12
Chile,2012,402.747,2.2989002413135456e-05,17519116.0,359556383692.0,25.12090909090909,64.79727272727273,,11
Chile,2013,413.759,2.3393388343962796e-05,17687006.0,371454072393.0,30.403684210526315,62.01333333333333,1.01,24
Chile,2014,409.534,2.2924854367888566e-05,17864192.0,378114271615.0,26.340625,52.635,5.5200000000000005,39
Chile,2015,414.23,2.2952044118812278e-05,18047630.0,386251266445.0,25.609736842105264,54.38351351351351,7.003333333333333,43
Chile,2016,433.903,2.3753087839012222e-05,18267225.0,393022253885.0,25.910810810810812,50.641176470588235,10.122,42
Chile,2018,468.278,2.478555098041966e-05,18893185.0,414254051745.0,15.0,38.0,,1
Chile,2019,473.979,2.4689302099392072e-05,19197748.0,417331966568.0,19.02972972972973,39.823103448275866,16.46,40
China,2011,31336.537,2.3037325375070687e-05,1360250658.0,13691526496125.0,75.53666666666668,,,3
China,2012,32624.18,2.3821601269417974e-05,1369520866.0,14773157494771.0,56.602,,,5
China,2013,33852.566,2.4548490667248032e-05,1379008040.0,15925464549520.0,75.35,152.0,52.0,10
China,2014,34729.066,2.5021806770446096e-05,1387951970.0,17103948867278.0,52.3424882629108,126.0,42.56037735849056,213
China,2015,35135.988,2.5166627054786126e-05,1396134171.0,18301224436466.0,49.48566972477064,102.77777777777777,35.650485436893206,545
China,2016,35277.711,2.512563296879496e-05,1404052628.0,19545709173693.0,45.62125454545454,85.35583333333334,34.18408,550
China,2017,36649.383,2.594913460586492e-05,1412354730.0,20894362082435.0,44.61554054054054,,,370
China,2018,38409.82,2.7068060347137175e-05,1419008954.0,22294284747546.0,40.40886066204773,34.09,,1299
China,2019,40188.723,2.8231927139205637e-05,1423520357.0,23631941251482.0,38.508755144032925,34.483333333333334,,972
Colombia,2010,424.601,9.482500350344734e-06,44777325.0,489870174161.0,32.33,50.833333333333336,32.443333333333335,6
Colombia,2011,443.797,9.805585173572183e-06,45259614.0,521323240921.0,22.5,40.71111111111111,26.55,9
Colombia,2012,471.933,1.0323190838564875e-05,45715807.0,541722649583.0,24.833333333333332,44.94,23.0,10
Colombia,2013,485.04,1.0509715343891888e-05,46151583.0,569534665242.0,22.35,41.238,24.3,10
Colombia,2014,510.586,1.0964916330841685e-05,46565426.0,595158021031.0,20.882857142857144,41.227222222222224,25.97,18
Colombia,2015,504.402,1.0738826182823575e-05,46969938.0,612750891790.0,27.3375,46.405,26.275,10
Colombia,2016,548.829,1.1569514615995993e-05,47437513.0,625545111723.0,16.655,41.36,13.1,2
Colombia,2017,555.225,1.1535686424296852e-05,48131076.0,634046295892.0,15.21,,,1
Colombia,2018,571.28,1.165295783046109e-05,49024463.0,650303209362.0,17.228,40.51,,16
Colombia,2019,573.736,1.1495875399662983e-05,49907987.0,671028388046.0,17.309,45.79333333333333,,11
Costa Rica,2013,39.867,8.453288093070772e-06,4716153.0,60973369897.0,18.0,30.5,,7
Costa Rica,2015,41.158,8.542468988977894e-06,4818045.0,65438671759.0,24.0,,,1
Costa Rica,2017,44.914,9.141539171090315e-06,4913177.0,71025038908.0,,24.0,,1
Costa Rica,2018,46.129,9.30430413571468e-06,4957813.0,72883048113.0,22.5,23.55,40.71,5
Costa Rica,2019,46.277,9.256234912389097e-06,4999549.0,74645366733.0,7.4,,,1
Croatia,2010,108.264,2.517094265487137e-05,4301150.0,81303793822.0,,26.663999999999998,21.292,5
Croatia,2013,96.073,2.2645891962644754e-05,4242403.0,80064089923.0,23.005,31.18,20.2425,6
Croatia,2014,96.009,2.2753724684410537e-05,4219485.0,79720242860.0,20.036666666666665,26.632857142857144,18.669999999999998,9
Croatia,2015,91.02,2.1755695632511833e-05,4183732.0,81731110395.0,15.60625,24.855454545454542,19.794285714285714,14
Croatia,2016,94.731,2.2901588274742663e-05,4136438.0,84640158587.0,17.274444444444445,25.401999999999997,18.61777777777778,16
Croatia,2017,94.783,2.3235694859626818e-05,4079198.0,87528490789.0,15.549000000000001,23.02,19.727777777777778,17
Croatia,2018,98.16,2.438837745734767e-05,4024868.0,89979865983.0,15.6775,24.006153846153843,15.219999999999999,21
Croatia,2019,95.813,2.4035342713036375e-05,3986338.0,93057982684.0,13.715,22.037,17.128999999999998,17
Cuba,2015,127.577,1.1314964014854365e-05,11275069.0,88467246000.0,34.8,,,1
Cyprus,2010,34.056,3.0196147278037568e-05,1127826.0,27285556934.0,20.048,45.26666666666667,18.310000000000002,5
Cyprus,2013,28.278,2.3885483474519364e-05,1183899.0,24918237857.0,15.957999999999998,36.919999999999995,16.465,5
Cyprus,2014,28.294,2.3542901266926608e-05,1201806.0,24475580582.0,16.201999999999998,33.656666666666666,16.38,5
Cyprus,2015,29.184,2.3931040816594288e-05,1219504.0,25312505108.0,15.953999999999999,34.403333333333336,16.96,5
Cyprus,2016,31.737,2.5654062600536407e-05,1237114.0,26976335005.0,11.506666666666668,29.275,16.223333333333333,6
Cyprus,2017,32.596,2.5987942028615755e-05,1254274.0,28523085691.0,13.724,26.865000000000002,15.033333333333331,5
Cyprus,2018,32.462,2.554568468998059e-05,1270743.0,30134014224.0,12.941999999999998,33.1425,14.353333333333333,5
Cyprus,2019,32.493,2.5253581146355434e-05,1286669.0,31800247242.0,13.025,24.150000000000002,14.915,4
Czechia,2010,513.649,4.90870873425022e-05,10464035.0,271231988282.0,23.613333333333337,29.067666666666668,19.30672131147541,95
Czechia,2013,490.221,4.6638126852554106e-05,10511164.0,276764861619.0,20.158125000000002,25.902499999999996,17.699333333333335,86
Czechia,2014,479.937,4.5633433844656525e-05,10517223.0,283025537919.0,19.37290322580645,25.631645569620254,16.780434782608694,85
Czechia,2015,470.716,4.4726083665624076e-05,10524418.0,298276052489.0,17.946666666666665,23.308142857142855,16.31953488372093,77
Czechia,2016,464.374,4.409194654055386e-05,10531946.0,305844147713.0,18.464313725490197,21.804285714285715,15.000204081632653,97
Czechia,2017,490.582,4.653885183320569e-05,10541343.0,321652381589.0,18.747692307692308,22.193736263736266,15.014489795918369,95
Czechia,2018,489.024,4.6357669883990174e-05,10548934.0,332009886797.0,20.40686274509804,24.484666666666666,14.9104,95
Czechia,2019,477.905,4.527814264351097e-05,10554872.0,342069373423.0,15.284736842105264,19.423478260869565,14.761272727272727,100
Denmark,2010,235.977,4.253474084174723e-05,5547865.0,238190225279.0,15.086666666666666,21.5475,25.330000000000002,5
Denmark,2013,211.702,3.770070270097962e-05,5615333.0,245578374484.0,11.0625,21.735,18.13714285714286,7
Denmark,2014,203.564,3.606863821240849e-05,5643795.0,249555233739.0,13.26,22.186,18.00166666666667,6
Denmark,2015,198.975,3.500801766737078e-05,5683698.0,255401297489.0,11.256666666666666,20.655,12.541250000000002,8
Denmark,2016,201.601,3.519450102615204e-05,5728196.0,263691544304.0,10.29,18.73,12.783333333333335,9
Denmark,2017,202.984,3.520871218928031e-05,5765164.0,271132202845.0,9.406,17.985,11.954444444444444,9
Denmark,2018,200.117,3.453970987037231e-05,5793824.0,276526484620.0,12.222,21.102,12.066666666666668,9
Denmark,2019,216.802,3.728568239564491e-05,5814618.0,280656364923.0,10.242,18.85,10.703333333333333,9
Ecuador,2010,155.194,1.029363394382735e-05,15076697.0,137913290159.0,19.27,39.864999999999995,20.54,2
Ecuador,2011,164.644,1.0742627411616894e-05,15326232.0,149795272280.0,17.82,34.08,18.53,2
Ecuador,2012,173.933,1.1169459411470252e-05,15572195.0,158246726051.0,18.43,36.42666666666667,19.63,9
Ecuador,2013,179.509,1.1356203010134918e-05,15807132.0,166075183974.0,18.45,34.25,21.435000000000002,2
Ecuador,2014,188.563,1.1759370536946792e-05,16035127.0,172367775440.0,17.32,46.445,22.895,2
Ecuador,2015,188.046,1.1560515962243e-05,16266229.0,172538423301.0,17.27,38.725,22.42,2
Ecuador,2016,187.404,1.135427977535728e-05,16505142.0,170423090933.0,14.07,40.75,20.740000000000002,2
Ecuador,2017,195.11,1.1641745002764103e-05,16759515.0,174458721084.0,14.015,43.375,19.395,2
Ecuador,2018,206.38,1.2104723986134056e-05,17049542.0,176707497535.0,19.84,33.22,24.09,1
Egypt,2013,973.269,1.0209092075045017e-05,95333551.0,984556585202.0,,173.0,,2
Egypt,2014,961.972,9.863480635511687e-06,97528655.0,1035721838706.0,,241.5,,2
Egypt,2015,976.108,9.8005434563138e-06,99597334.0,1079611566322.0,,266.5,,2
El Salvador,2010,30.49,5.024510349189462e-06,6068253.0,43862777197.0,29.75,,,1
El Salvador,2011,30.647,5.032242343674878e-06,6090128.0,45520507146.0,33.3,,,1
El Salvador,2012,31.426,5.140025878409421e-06,6113977.0,46608113564.0,44.6,,,1
El Salvador,2013,30.522,4.971945048294915e-06,6138845.0,48017379514.0,43.9,,,1
El Salvador,2014,31.532,5.11637929355932e-06,6162952.0,49026874064.0,41.8,,,1
El Salvador,2015,33.657,5.442879840871326e-06,6183675.0,50319726389.0,27.8,,,1
El Salvador,2016,34.125,5.503315051844856e-06,6200808.0,51794877474.0,27.1,,,1
El Salvador,2018,36.138,5.810151864938488e-06,6219803.0,55053057931.0,29.0,,,1
Estonia,2010,73.147,5.493784971271922e-05,1331450.0,27586968284.0,7.726666666666667,15.77,8.52142857142857,7
Estonia,2013,77.463,5.877670875318684e-05,1317920.0,30600421813.0,6.645714285714286,13.842000000000002,8.643333333333333,7
Estonia,2014,74.161,5.641949489408935e-05,1314457.0,31521829560.0,7.508571428571429,14.342000000000002,7.215714285714285,7
Estonia,2015,68.626,5.2203745683031844e-05,1314580.0,32106015454.0,6.362,12.335,6.217142857142858,7
Estonia,2016,70.763,5.3777406239313e-05,1315850.0,33119083785.0,5.204285714285715,11.41,6.435714285714285,7
Estonia,2017,78.484,5.957356368080277e-05,1317430.0,35037377711.0,4.55,10.386000000000001,5.514285714285714,7
Estonia,2018,77.879,5.8911232613096196e-05,1321972.0,36363239216.0,6.095714285714286,13.118,6.505714285714285,7
Estonia,2019,62.761,4.73017480867818e-05,1326822.0,37723175050.0,4.5975,10.873333333333333,5.585,8
Ethiopia,2016,63.782,5.976677091040257e-07,106718163.0,173708917362.0,28.3,,,1
Ethiopia,2017,63.728,5.811073614999339e-07,109666482.0,190761659136.0,27.24,,,1
Ethiopia,2018,69.217,6.143657560940166e-07,112664157.0,206205566995.0,28.79,,,1
Ethiopia,2019,79.654,6.882305202267229e-07,115737384.0,221885291686.0,20.48,,,1
Fiji,2014,6.376,6.948644763614211e-06,917589.0,,7.03,,,1
Fiji,2015,6.745,7.342815308327482e-06,918585.0,,8.1,,,1
Finland,2010,371.291,6.922748052661892e-05,5363347.0,201746033638.0,8.529166666666667,14.886400000000002,16.764444444444443,28
Finland,2013,341.801,6.284195955291514e-05,5439057.0,202349011206.0,6.407692307692307,13.143461538461539,14.304736842105264,30
Finland,2014,329.823,6.038849542064483e-05,5461686.0,201610622550.0,7.609285714285714,14.601923076923075,14.647142857142859,31
Finland,2015,328.893,6.00200484732885e-05,5479719.0,202706706722.0,5.699285714285714,12.48,13.350952380952382,31
Finland,2016,334.083,6.079245662061903e-05,5495468.0,208405735062.0,5.727142857142858,11.933846153846153,13.053,29
Finland,2017,327.216,5.9403115025457495e-05,5508398.0,215058877437.0,4.5128571428571425,10.542962962962964,12.305,29
Finland,2018,333.841,6.0525261388791695e-05,5515730.0,217509947213.0,6.016923076923077,13.121538461538462,11.714,30
Finland,2019,326.992,5.9218864150775285e-05,5521754.0,220173891564.0,5.308333333333334,11.389615384615384,10.485714285714286,30
France,2010,3001.231,4.732506550335125e-05,63417366.0,2342490492199.0,17.74651515151515,24.381048689138577,23.065714285714286,358
France,2014,2797.782,4.3247396780723946e-05,64692495.0,2437822780219.0,9.02,27.13,10.526,6
France,2015,2823.427,4.3493319717038256e-05,64916337.0,2464953810985.0,12.745564516129033,20.04169014084507,20.161634615384617,360
France,2016,2766.597,4.2506233939440894e-05,65086853.0,2491956183265.0,11.573565217391305,18.146554307116105,19.086414473684208,354
France,2017,2756.229,4.221855708317904e-05,65284775.0,2549057506683.0,10.9672,18.241818181818182,18.812983050847457,355
France,2018,2790.429,4.258926616041258e-05,65519537.0,2596599107835.0,10.373615384615384,17.667310344827587,17.4480602006689,354
France,2019,2731.347,4.1554380638453444e-05,65729460.0,2644453795826.0,9.418161764705882,17.024776632302405,16.602508361204013,355
Georgia,2014,49.582,1.307224695689681e-05,3792921.0,50830708616.0,29.0,41.495,,2
Georgia,2015,53.726,1.4169855758960008e-05,3791570.0,52369351007.0,24.5,47.5,,1
Georgia,2017,56.037,1.4774339153040185e-05,3792860.0,56501161966.0,20.0,39.0,,1
Germany,2010,3847.151,4.759504395570625e-05,80830916.0,3301123203586.0,17.34602409638554,22.574647887323945,25.707684210526313,301
Germany,2013,3868.517,4.7734964597988284e-05,81041581.0,3497463140441.0,14.110733944954127,19.76259067357513,29.82421052631579,292
Germany,2014,3710.465,4.5596508104015536e-05,81376078.0,3574741315261.0,14.033461538461538,19.456641221374046,25.512264150943395,328
Germany,2015,3780.86,4.6064486382183015e-05,82077546.0,3628073946157.0,12.6825,18.31889312977099,25.019686520376176,330
Germany,2016,3841.451,4.641670209637973e-05,82760102.0,3708979940863.0,12.198529411764707,17.070346153846153,24.899369085173504,330
Germany,2017,3949.556,4.7525456352828224e-05,83104010.0,3808389445530.0,12.078344827586207,16.816477272727273,23.598668730650154,334
Germany,2018,3845.414,4.612549916481052e-05,83368507.0,3845758522294.0,12.579533333333334,17.947148288973384,23.739298780487804,339
Germany,2019,3753.704,4.4922698144108254e-05,83559184.0,3886392581475.0,10.363333333333333,15.564431818181818,21.71975975975976,347
Ghana,2012,56.374,2.1086789979289882e-06,26734273.0,93421855305.0,,152.5,,1
Ghana,2013,59.633,2.1774841066810565e-06,27386193.0,100187456075.0,,193.43,,1
Ghana,2014,60.527,2.158472314981261e-06,28041592.0,103048820009.0,,179.17,,1
Ghana,2015,72.173,2.5150829881902648e-06,28696071.0,105234477793.0,,176.4,,1
Ghana,2016,73.76,2.512540903729897e-06,29356736.0,108784039058.0,55.0,,,1
Greece,2010,378.437,3.401783028811831e-05,11124666.0,290984350750.0,14.86,38.536,25.728571428571428,16
Greece,2013,328.303,2.9934076338400226e-05,10967534.0,241650188710.0,10.02,33.30444444444444,20.2475,19
Greece,2014,307.91,2.8266338289619855e-05,10893169.0,242799798246.0,,31.5525,22.427333333333333,18
Greece,2015,311.723,2.8807487582828124e-05,10820902.0,242323725826.0,18.845,32.367777777777775,24.34058823529412,18
Greece,2016,306.993,2.8489891797192633e-05,10775506.0,241143085639.0,17.05142857142857,32.2,26.63375,19
Greece,2017,322.197,2.996196970446547e-05,10753532.0,243776808141.0,16.45875,28.73785714285714,28.843846153846155,15
Greece,2018,324.066,3.0199482873950477e-05,10730846.0,247844015413.0,16.599999999999998,30.255625000000002,29.2,18
Greece,2019,316.887,2.9564267882101186e-05,10718581.0,252514250712.0,16.838,29.483529411764703,24.623333333333335,19
Guatemala,2011,52.144,3.525119416597604e-06,14792123.0,100335200000.0,,61.25,31.75,1
Guatemala,2012,55.158,3.655355837207239e-06,15089639.0,103492749162.0,,45.0,29.25,1
Guatemala,2013,59.213,3.84816374033223e-06,15387339.0,107099471666.0,40.88,56.125,34.75,2
Guatemala,2014,62.559,3.989293269713631e-06,15681725.0,111858970345.0,35.17,46.75,41.67,1
Guatemala,2019,90.71,5.303498876828738e-06,17103803.0,132535316516.0,14.0,,,1
Honduras,2013,36.737,4.132732519498776e-06,8889276.0,38446700070.0,36.0,58.5,,1
Honduras,2014,38.896,4.2916754890447854e-06,9063127.0,39484545761.0,,43.0,,1
Honduras,2015,44.247,4.7900329381748316e-06,9237306.0,40757802007.0,,31.5,,1
Honduras,2016,41.981,4.460189665100645e-06,9412380.0,42125312119.0,,40.0,,1
Hungary,2010,277.827,2.7840809337248706e-05,9979128.0,200496589291.0,21.6425,29.776315789473685,20.978333333333335,19
Hungary,2011,269.464,2.709086202173088e-05,9946675.0,208407605976.0,,,7.16,1
Hungary,2013,238.041,2.4070454015958995e-05,9889344.0,209511661762.0,17.023333333333333,26.223157894736843,19.34777777777778,19
Hungary,2014,238.269,2.415824727211008e-05,9862843.0,218378634753.0,15.8525,25.303333333333335,18.820625,17
Hungary,2015,251.04,2.551424092846469e-05,9839211.0,226474616785.0,,26.42111111111111,19.728823529411763,19
Hungary,2016,255.495,2.6042938153487952e-05,9810529.0,231459349147.0,10.13,24.03,18.81823529411765,19
Hungary,2017,269.293,2.75192915963934e-05,9785608.0,241347220007.0,14.85,27.145294117647058,20.31,19
Hungary,2018,271.203,2.7746269717972313e-05,9774395.0,254289117363.0,18.578333333333333,25.796315789473685,18.802222222222223,19
Hungary,2019,274.892,2.8135339321657595e-05,9770346.0,266658311342.0,14.804285714285713,23.453529411764706,17.78,18
Iceland,2010,56.386,0.00017722362436864124,318163.0,11531450215.0,7.735,20.95,7.23,3
Iceland,2013,58.717,0.00018128629693322753,323891.0,12380449213.0,,11.663333333333332,1.08,3
Iceland,2014,58.63,0.0001790136084539123,327517.0,12589333385.0,7.640000000000001,6.03,2.985,3
Iceland,2015,61.207,0.00018493663925163613,330962.0,13147880818.0,6.43,9.5225,11.4525,4
Iceland,2016,61.442,0.00018309687070694429,335571.0,13976682094.0,6.695,8.907499999999999,8.215,4
Iceland,2017,64.246,0.00018701333480818658,343537.0,14562998209.0,5.2,10.2425,7.814444444444444,9
Iceland,2018,66.459,0.00018834381907838804,352860.0,15275006901.0,4.333333333333333,9.415714285714285,7.721428571428571,7
Iceland,2019,63.328,0.00017556534491792555,360709.0,15550746271.0,3.9879999999999995,9.611428571428572,8.5325,8
India,2010,6247.89,5.024513572101087e-06,1243481565.0,5361371354007.0,,,20.173881578947366,152
India,2011,6587.01,5.222708263631916e-06,1261224956.0,5720692888000.0,,,20.542923976608186,171
India,2012,6937.768,5.42574986407741e-06,1278674501.0,6052427493607.0,,80.8,23.026134020618557,195
India,2013,7163.062,5.527781209877944e-06,1295829507.0,6424470752490.0,,,20.779132420091326,219
India,2014,7652.732,5.831642958748569e-06,1312277184.0,6875186158349.0,,,21.170090090090092,222
India,2016,8262.856,6.148213154810696e-06,1343944296.0,8057465593010.0,39.38616438356164,98.44258064516129,22.596913580246916,250
India,2017,8571.671,6.304287398140572e-06,1359657398.0,8550029645172.0,39.31032258064516,95.31203389830509,22.6059375,297
India,2018,9063.36,6.593169330181271e-06,1374659067.0,9173201683791.0,42.80317073170732,100.66373456790123,22.588548895899052,348
India,2019,9281.595,6.682068024884355e-06,1389030307.0,9595463242427.0,39.6319696969697,98.68629179331307,22.618123076923077,359
Indonesia,2011,1837.594,7.365991046563754e-06,249470029.0,2178184530109.0,17.0,,,1
Indonesia,2014,1856.634,7.1718660487911664e-06,258877395.0,2559933272409.0,33.0,,,1
Indonesia,2015,1896.461,7.2439512612963986e-06,261799249.0,2684763880628.0,31.485,,,2
Indonesia,2016,1884.228,7.120304977909149e-06,264627429.0,2819889903036.0,42.65,,,3
Indonesia,2017,2023.711,7.569614093617944e-06,267346654.0,2962852274581.0,30.060000000000002,,,2
Indonesia,2018,2131.562,7.896082296484528e-06,269951847.0,3116158974437.0,41.25,,,2
Indonesia,2019,2253.939,8.271658116468032e-06,272489381.0,3272568062078.0,46.35,,,1
Iraq,2015,471.319,1.2548250444249529e-05,37560535.0,436010743372.0,,208.13,,1
Iraq,2016,504.684,1.3119024701772526e-05,38469628.0,502280002568.0,,179.38,,1
Iraq,2017,598.461,1.5213553487755838e-05,39337358.0,485207548291.0,,191.0,61.845,2
Iraq,2018,622.69,1.54645541486512e-05,40265629.0,508026800522.0,,201.88666666666668,40.5,3
Iraq,2019,667.823,1.621237646803378e-05,41192172.0,537548265143.0,43.339999999999996,,54.416666666666664,3
Iraq,2020,594.768,1.412193699767137e-05,42116602.0,453147782672.0,,54.5,55.776666666666664,3
Ireland,2010,178.3,3.910873324553792e-05,4559084.0,221852442105.0,11.46,17.084999999999997,17.576666666666668,8
Ireland,2013,164.997,3.5677449236553574e-05,4624686.0,222738952818.0,10.876000000000001,16.52375,13.262857142857143,13
Ireland,2014,164.553,3.532517459398794e-05,4658236.0,236178350686.0,7.57,14.723749999999999,7.186,10
Ireland,2015,173.913,3.698311769257907e-05,4702497.0,249955928768.0,7.025999999999999,13.292857142857143,6.658333333333334,11
Ireland,2016,181.909,3.8268385482210395e-05,4753506.0,255118282428.0,8.866666666666667,13.75,14.577777777777776,14
Ireland,2017,182.73,3.7987567402829535e-05,4810258.0,266528546717.0,7.332857142857143,12.31,14.04875,13
Ireland,2018,186.853,3.834802205576167e-05,4872559.0,282500483309.0,7.87125,13.585999999999999,13.678888888888888,15
Ireland,2019,187.796,3.8065524771191524e-05,4933493.0,294503693886.0,8.896153846153847,14.208947368421054,16.474545454545453,22
Israel,2012,282.727,3.7162873116352846e-05,7607781.0,225909436249.0,21.20736842105263,50.71190476190476,,34
Israel,2013,267.183,3.447803298565341e-05,7749369.0,235885601546.0,22.178421052631577,53.31909090909091,,34
Israel,2014,260.622,3.300193626250812e-05,7897173.0,245129958334.0,19.813684210526315,42.892857142857146,,34
Israel,2015,275.029,3.4152721821511614e-05,8052916.0,251223879854.0,23.86684210526316,59.675714285714285,,33
Italy,2010,2062.27,3.427735411875751e-05,60164212.0,2080545936781.0,20.088117647058823,27.55427118644068,27.788501362397817,391
Italy,2013,1863.063,3.0716311824750356e-05,60653864.0,2010255414011.0,18.26977777777778,25.558449612403102,24.80948275862069,307
Italy,2014,1816.316,2.9940507385834297e-05,60664169.0,2010164047423.0,16.104313725490197,23.508475177304966,22.90990322580645,336
Italy,2015,1838.465,3.035006966699339e-05,60575314.0,2025809415322.0,18.68425414364641,26.739369369369367,23.551280653950954,390
Italy,2016,1834.538,3.0333921022622022e-05,60478103.0,2052012434345.0,16.37331550802139,23.637455621301775,21.959666666666667,406
Italy,2017,1847.626,3.059473921953415e-05,60390317.0,2086237040647.0,17.186587677725118,25.146406685236766,21.849133663366334,426
Italy,2018,1859.782,3.085367049752697e-05,60277496.0,2105551772855.0,15.28847926267281,23.329441489361706,19.44833729216152,438
Italy,2019,1839.953,3.059951502521132e-05,60130136.0,2115725732767.0,14.4304,22.60312668463612,19.411161137440757,435
Jamaica,2012,32.511,1.172652746758081e-05,2772432.0,19123987392.0,,37.85166666666667,,6
Jamaica,2014,34.758,1.2441315562275304e-05,2793756.0,19277035737.0,,38.185,,2
Jamaica,2015,35.92,1.2816962922153364e-05,2802536.0,19444553127.0,,41.465,,2
Japan,2010,5983.169,4.667594693190691e-05,128185273.0,4480295644398.0,10.642857142857142,,,14
Japan,2011,5669.594,4.426035916847956e-05,128096430.0,4468738319171.0,16.8,,,5
Japan,2012,5615.285,4.389400739475257e-05,127928283.0,4530172048567.0,14.558666666666666,,,15
Japan,2014,5431.795,4.260679128154025e-05,127486601.0,4634693421103.0,14.850666666666665,,26.891333333333332,15
Japan,2018,5317.67,4.1899977931413915e-05,126913432.0,4852985093686.0,11.471333333333332,,19.646666666666665,15
Jordan,2015,108.769,1.1395712607899857e-05,9544730.0,88475445240.0,19.0,101.37,,4
Jordan,2016,114.878,1.1480488077143666e-05,10006369.0,90239641982.0,,77.45666666666666,,3
Jordan,2017,118.0,1.1529937727588024e-05,10234227.0,92472176531.0,,68.9675,23.12,4
Jordan,2018,112.987,1.0799431483104591e-05,10462310.0,94246709824.0,,65.4375,20.825,4
Jordan,2019,110.709,1.0373885870107581e-05,10671893.0,96062846478.0,26.83,55.4025,23.36,4
Kazakhstan,2018,789.198,4.168433228708493e-05,18932725.0,460522121041.0,32.25,,,1
Kazakhstan,2019,798.712,4.1578889173700836e-05,19209556.0,481245619523.0,21.77,,,1
Kenya,2018,82.575,1.6446874087093922e-06,50207109.0,160257055688.0,5.91,14.55,,1
Kenya,2019,85.95,1.6786181872880502e-06,51202829.0,168452589868.0,10.79,22.75,,1
Kuwait,2014,437.235,0.00011927510980642807,3665769.0,218112639263.0,56.4525,142.36526315789473,,19
Kuwait,2015,468.668,0.0001222251344059732,3834465.0,219406044434.0,63.93333333333334,138.23181818181817,56.026363636363634,11
Kuwait,2016,465.955,0.00011637307516328768,4003976.0,225825859800.0,35.09166666666667,116.42923076923077,55.674285714285716,13
Kuwait,2017,466.991,0.00011240103343549909,4154686.0,215180426540.0,65.986,147.10500000000002,36.47,7
Kuwait,2018,482.382,0.00011157497046876884,4323389.0,220424403170.0,56.5,,,1
Kuwait,2019,442.856,9.969292249495238e-05,4442201.0,219207651814.0,40.74333333333333,112.01,28.158000000000005,6
Kuwait,2020,419.679,9.537842607949827e-05,4400146.0,199796812404.0,37.444,114.3375,26.844,5
Kyrgyzstan,2019,46.0,7.083422389404678e-06,6494036.0,31253353975.0,33.15,,,1
Latvia,2010,49.96,2.3815039702855422e-05,2097834.0,35881177042.0,21.49,26.072499999999998,34.62,4
Latvia,2013,44.583,2.214749697467069e-05,2013004.0,41350512828.0,14.100000000000001,21.551666666666666,17.582,6
Latvia,2014,41.015,2.0567629464740167e-05,1994153.0,42137028688.0,16.716,24.836000000000002,16.704,5
Latvia,2015,42.114,2.1292559586707747e-05,1977874.0,43774190659.0,16.195,21.222,15.712,5
Latvia,2016,44.979,2.2950073551059437e-05,1959863.0,44810998817.0,13.797999999999998,19.234,13.074000000000002,5
Latvia,2017,49.301,2.5378886738848317e-05,1942599.0,46295495418.0,12.712,18.137999999999998,12.110000000000001,5
Latvia,2018,43.999,2.2825959516203168e-05,1927586.0,48143398790.0,14.168000000000001,21.872,13.937999999999999,5
Latvia,2019,45.263,2.3645081903412636e-05,1914267.0,49380620266.0,11.434000000000001,19.875999999999998,13.040000000000001,5
Lebanon,2012,87.726,1.6755218267057468e-05,5235742.0,68494363923.0,30.3,51.3,,1
Lebanon,2014,91.607,1.4433133926569637e-05,6346993.0,72883563855.0,27.0,41.75,59.0,4
Lebanon,2015,100.63,1.554738762790712e-05,6472470.0,73219558993.0,15.0,43.0,47.0,1
Lebanon,2016,103.679,1.6396963432742466e-05,6323061.0,74358860056.0,19.0,55.0,,1
Lithuania,2010,66.198,2.1369903874493537e-05,3097721.0,56073777524.0,15.856666666666667,28.16111111111111,14.183333333333334,10
Lithuania,2013,63.416,2.1436208384445566e-05,2958359.0,63937849304.0,15.086000000000002,28.814,14.753333333333334,10
Lithuania,2014,61.205,2.086649567993138e-05,2933171.0,66199372603.0,14.290000000000001,26.693125000000002,13.906666666666666,16
Lithuania,2015,64.112,2.2063679484721952e-05,2905771.0,67539660018.0,12.479999999999999,23.052500000000002,13.650666666666666,16
Lithuania,2016,65.726,2.2908157201416887e-05,2869109.0,69240911932.0,11.041666666666666,21.219375,14.313999999999998,16
Lithuania,2017,69.15,2.444052751953917e-05,2829317.0,72206131673.0,11.74,19.968888888888888,14.001,11
Lithuania,2018,70.969,2.532359673646781e-05,2802485.0,75089601435.0,13.672,24.32,16.505555555555556,10
Lithuania,2019,70.597,2.5257803329234428e-05,2795057.0,78562641002.0,13.163999999999998,23.756,14.57,10
Luxembourg,2010,50.116,9.876669727916629e-05,507418.0,27526699944.0,14.073333333333332,19.126666666666665,23.734,5
Luxembourg,2013,45.692,8.40918878529441e-05,543358.0,29514812514.0,15.933333333333332,19.245,25.8275,6
Luxembourg,2014,44.274,7.958870003685162e-05,556285.0,30289014849.0,11.736666666666666,18.3175,20.123333333333335,5
Luxembourg,2015,43.034,7.555922323278435e-05,569540.0,30976491415.0,11.583333333333334,19.4625,21.956666666666667,5
Luxembourg,2016,42.459,7.276469509572228e-05,583511.0,32518554202.0,11.103333333333333,19.17,18.96,6
Luxembourg,2017,44.355,7.4358011486892e-05,596506.0,32946911821.0,9.84,18.4225,18.006,6
Luxembourg,2018,46.431,7.635308801547091e-05,608109.0,33348602359.0,9.483333333333333,18.6475,25.478571428571428,8
Luxembourg,2019,47.288,7.625042931984448e-05,620167.0,34122291521.0,7.986666666666667,15.855,21.266666666666666,7
Madagascar,2015,15.19,5.974034462903035e-07,25426703.0,32394175176.0,8.0,13.0,,1
Madagascar,2017,14.813,5.529636563675615e-07,26788379.0,35012614968.0,128.0,143.0,,1
Madagascar,2019,15.555,5.512134332077974e-07,28219559.0,37724649896.0,19.0,74.0,,1
Madagascar,2020,11.85,4.0927609592740927e-07,28953560.0,35031864099.0,32.0,106.0,,1
Malaysia,2010,935.187,3.263520522148208e-05,28655772.0,525056610488.0,21.0,,,1
Malaysia,2012,1040.679,3.5083598718733394e-05,29662835.0,587985572583.0,15.0,,,1
Malaysia,2014,1097.616,3.5757468212689855e-05,30696133.0,652563833807.0,,30.72,,6
Malaysia,2019,1241.298,3.711950058297416e-05,33440590.0,829053844392.0,20.966874999999998,29.320625,13.470625,16
Maldives,2011,4.89,1.308595788408892e-05,373683.0,,,20.0,,1
Malta,2010,30.377,7.187202771060962e-05,422654.0,9788869399.0,14.983333333333333,36.78333333333333,18.935000000000002,3
Malta,2013,26.091,6.089525903416213e-05,428457.0,10905471410.0,13.209999999999999,30.203333333333333,17.555,4
Malta,2014,26.636,6.13034932588252e-05,434494.0,11737898948.0,12.12,29.439999999999998,8.615,4
Malta,2015,29.116,6.543244834576091e-05,444978.0,12865695938.0,13.3125,29.80666666666667,17.476666666666667,5
Malta,2016,32.33,7.101186972298122e-05,455276.0,13300698899.0,11.8725,33.17,17.802500000000002,5
Malta,2017,36.796,7.864039905792239e-05,467902.0,14746505042.0,11.64,26.935,18.323333333333334,4
Malta,2018,38.336,7.911507346871388e-05,484560.0,15659758064.0,12.08125,31.53,15.655,8
Malta,2019,39.949,7.926121539551245e-05,504017.0,16757308198.0,11.8,29.87,14.9575,4
Mauritius,2010,20.876,1.6274917947158752e-05,1282710.0,20850923367.0,,29.174999999999997,,2
Mauritius,2011,21.487,1.670489088605036e-05,1286270.0,21190874379.0,,75.41000000000001,,2
Mauritius,2015,23.337,1.8058737908027886e-05,1292283.0,24404852680.0,,14.28,,2
Mauritius,2016,24.28,1.8795377328037392e-05,1291807.0,25347373765.0,,14.18,,2
Mauritius,2019,25.921,2.0152083273405484e-05,1286269.0,28193387492.0,,24.45,14.95,3
Mexico,2010,2125.454,1.870604720848426e-05,113623898.0,1638271507559.0,22.677142857142858,53.06583333333333,29.197142857142858,15
Mexico,2011,2221.887,1.9279932856605374e-05,115243503.0,1716088331953.0,26.82,57.78636363636363,26.894444444444446,24
Mexico,2012,2241.891,1.919128052366631e-05,116818208.0,1774999946047.0,23.88272727272727,51.56470588235294,26.451818181818183,19
Mexico,2013,2242.857,1.8952081317944333e-05,118343572.0,1803059285337.0,25.502727272727274,52.003,24.36357142857143,23
Mexico,2014,2230.574,1.8621594413924068e-05,119784265.0,1854551091374.0,23.052727272727275,45.080555555555556,24.44,20
Mexico,2015,2205.421,1.821573405182407e-05,121072310.0,1916008739051.0,24.638125,43.770833333333336,23.836923076923078,27
Mexico,2016,2276.179,1.861884643165968e-05,122251344.0,1961906742138.0,22.247142857142855,43.96416666666667,23.5925,26
Mexico,2017,2329.706,1.8879295123797843e-05,123400052.0,2007719438156.0,22.0,48.037826086956514,,26
Mexico,2018,2284.338,1.8337239414225377e-05,124573713.0,2051539127317.0,20.1492,49.479,50.63714285714286,44
Mongolia,2010,33.081,1.2244335962874282e-05,2701739.0,21791068014.0,46.03333333333333,165.1,,3
Mongolia,2011,35.164,1.2809346407871535e-05,2745183.0,26811268000.0,132.0,232.0,49.0,1
Mongolia,2012,41.81,1.4956377530305356e-05,2795463.0,30114910000.0,106.0,253.0,50.0,1
Mongolia,2013,47.489,1.6651781785182934e-05,2851887.0,33619040000.0,72.06,194.6,57.0,1
Mongolia,2014,48.975,1.681232773586091e-05,2913041.0,36271699000.0,64.21,186.5,39.0,1
Mongolia,2015,46.823,1.5730744007783564e-05,2976528.0,37107214000.0,75.0,141.0,37.0,1
Mongolia,2016,47.328,1.556424840051105e-05,3040815.0,37322351698.0,79.02,128.0,,1
Mongolia,2017,52.029,1.6759916904261765e-05,3104371.0,39053686549.0,86.0,132.0,,1
Mongolia,2018,56.915,1.796721547462934e-05,3167714.0,41646694213.0,74.0,136.0,,1
Mongolia,2019,62.505,1.9338712262361707e-05,3232118.0,43979841080.0,60.0,124.0,,1
Montenegro,2010,11.77,1.8620824948424904e-05,632088.0,9033097807.0,,46.785,24.525,4
Montenegro,2013,10.074,1.5909690318525456e-05,633199.0,9985414363.0,,45.855000000000004,19.310000000000002,4
Montenegro,2014,9.872,1.563566617092482e-05,631377.0,10205667487.0,,51.60999999999999,18.583333333333332,4
Montenegro,2015,10.784,1.7168010570807697e-05,628145.0,10689584516.0,,57.515,23.27,4
Montenegro,2016,10.211,1.635733348711886e-05,624246.0,10988665274.0,,52.403333333333336,21.060000000000002,4
Montenegro,2017,10.545,1.7004992646489666e-05,620112.0,11487747356.0,,44.55666666666667,17.8,4
Montenegro,2018,11.139,1.8088723899720363e-05,615798.0,12049855060.0,,46.77333333333333,19.990000000000002,3
Montenegro,2019,11.319,1.8505046013298e-05,611671.0,12539436047.0,,,14.89,1
Morocco,2011,204.747,6.220933421060668e-06,32912585.0,238103276789.0,,26.0,,2
Morocco,2012,208.422,6.248552326671493e-06,33355246.0,245270189355.0,,57.5,,1
Morocco,2013,213.979,6.333068078017916e-06,33787573.0,256393198875.0,,52.5,,3
Morocco,2016,223.324,6.376411878678232e-06,35023459.0,276121131010.0,,44.0,,6
Morocco,2018,241.814,6.747087592104411e-06,35839760.0,298981397583.0,,29.1575,16.313333333333336,4
Morocco,2019,263.841,7.2862300853165595e-06,36210907.0,307624970074.0,,30.11,10.71,3
Morocco,2020,242.404,6.625919030418808e-06,36584208.0,285515953096.0,,35.384,20.747999999999998,5
Myanmar,2012,75.687,1.5186771891684428e-06,49837451.0,210159799971.0,,105.5,,4
Myanmar,2013,87.861,1.7480372804796756e-06,50262658.0,226760324221.0,,82.75,,6
Myanmar,2014,105.416,2.0799644683917556e-06,50681635.0,245354667120.0,,48.42,,2
Myanmar,2015,96.812,1.8949653800637554e-06,51089060.0,263690038660.0,,54.8,6.1,2
Myanmar,2016,113.376,2.2016595132863615e-06,51495701.0,280587266112.0,,45.644999999999996,7.53,2
Myanmar,2017,148.843,2.8681602265685288e-06,51894939.0,296721043920.0,,24.634999999999998,,2
Myanmar,2019,151.755,2.882844417129721e-06,52640718.0,337037542855.0,18.08,,,1
Nepal,2013,21.681,7.858282840697664e-07,27589997.0,64655772000.0,49.11,,,1
Nepal,2016,32.492,1.1622769653925702e-06,27955471.0,70942615519.0,42.0,64.17,,1
Nepal,2017,37.349,1.3333567524885886e-06,28011258.0,77349484140.0,39.28,46.995000000000005,,4
Nepal,2018,41.984,1.4951733081934528e-06,28079688.0,83234791901.0,49.019999999999996,62.455,,4
Nepal,2019,36.389,1.2806685252297227e-06,28414066.0,88775779267.0,26.095454545454547,36.873636363636365,,11
Nepal,2020,45.608,1.5745041354554109e-06,28966580.0,86672124340.0,36.585,50.004999999999995,,2
Netherlands,2010,1170.651,6.980113327393002e-05,16771232.0,728193221597.0,16.920526315789473,25.34029411764706,25.18342857142857,40
Netherlands,2013,1062.885,6.264400692494507e-05,16967066.0,735982982299.0,14.3271875,21.87839285714286,23.470769230769232,61
Netherlands,2014,1016.331,5.9678562966655776e-05,17030085.0,746458868661.0,13.5278125,20.947222222222223,23.088979591836736,59
Netherlands,2015,1026.468,6.0001301189091595e-05,17107429.0,761083250759.0,12.5436,19.17222222222222,21.693653846153843,58
Netherlands,2016,1044.043,6.0683616964278286e-05,17204693.0,777764090323.0,10.841612903225805,18.031960784313725,22.398000000000003,55
Netherlands,2017,1052.102,6.0761140849612514e-05,17315376.0,800404023156.0,11.092058823529412,18.80549019607843,21.72352941176471,56
Netherlands,2018,1026.139,5.890145302140456e-05,17421285.0,819300805024.0,12.340625,20.0575,20.963260869565215,52
Netherlands,2019,1021.537,5.824870755560725e-05,17537505.0,835323029559.0,10.91125,18.39,19.656458333333333,53
New Zealand,2012,237.851,5.3913904039321055e-05,4411682.0,146280651356.0,10.655,16.065,,40
New Zealand,2014,250.675,5.5422580177299194e-05,4522976.0,154422989929.0,10.025,16.978484848484847,12.382499999999999,33
New Zealand,2015,252.217,5.466300103922056e-05,4614035.0,160782215776.0,7.800909090909091,16.261764705882353,9.753333333333332,34
New Zealand,2016,255.684,5.4230452060419515e-05,4714768.0,167418113760.0,8.94357142857143,15.948484848484847,9.47,36
New Zealand,2017,259.835,5.398889491224246e-05,4812749.0,174187918857.0,11.382222222222222,18.90153846153846,22.51,14
Nigeria,2010,240.845,1.44527620044607e-06,166642888.0,809999411809.0,27.43,,,1
North Macedonia,2010,33.899,1.6523926278692282e-05,2051510.0,22583127369.0,,60.331999999999994,17.669999999999998,7
North Macedonia,2013,30.12,1.4960661209568466e-05,2013280.0,23771197646.0,44.5,83.4275,23.43,4
North Macedonia,2014,27.963,1.3996602333918299e-05,1997842.0,24633991465.0,,35.675,4.6,3
North Macedonia,2016,30.592,1.5598072267533045e-05,1961268.0,26312536822.0,40.18,59.17625,22.39,8
North Macedonia,2017,29.433,1.5164794059592648e-05,1940877.0,26597107306.0,43.48,51.06333333333333,22.203333333333333,9
North Macedonia,2018,30.426,1.5849103780219092e-05,1919730.0,27363281668.0,,45.04625,24.345,8
North Macedonia,2019,31.058,1.63666190110574e-05,1897643.0,28433274864.0,,34.78666666666667,19.90857142857143,8
Norway,2010,497.932,0.00010184407955558828,4889160.0,383760934305.0,10.549999999999999,20.74230769230769,30.13153846153846,16
Norway,2013,523.236,0.00010299665795690894,5080126.0,414445317738.0,8.92125,20.697999999999997,30.37181818181818,15
Norway,2014,541.939,0.00010548902488945277,5137397.0,422933730082.0,7.22,16.76611111111111,21.05235294117647,19
Norway,2015,549.27,0.00010583691746292759,5189777.0,430788988142.0,6.521875,15.535,21.5405,22
Norway,2016,557.634,0.00010650052884143428,5235974.0,435806553454.0,6.5295000000000005,14.564,21.10818181818182,27
Norway,2017,560.158,0.00010615472576503177,5276807.0,446543702505.0,6.038333333333333,13.15,19.135185185185183,30
Norway,2018,551.629,0.0001038506887841693,5311751.0,450245217440.0,7.0421875,14.82857142857143,19.499333333333333,36
Norway,2019,515.945,9.647919969078487e-05,5347733.0,455304831150.0,6.451612903225806,13.632285714285715,19.421612903225807,36
Pakistan,2010,749.47,3.761662221955608e-06,199239048.0,805491514683.0,95.33333333333333,395.3333333333333,,3
Pakistan,2011,753.328,3.6973866720343937e-06,203746069.0,845096928750.0,66.1,,,1
Pakistan,2013,775.379,3.673494021733489e-06,211073979.0,918328534363.0,36.5,148.17,,1
Pakistan,2018,967.48,4.2633619157521734e-06,226928893.0,1165406508457.0,37.83,,29.2,1
Pakistan,2019,973.635,4.2185059341274345e-06,230800908.0,1172330212219.0,71.855,,22.54,4
Pakistan,2020,959.67,4.083671804224262e-06,235001745.0,1202026422230.0,32.29,,21.06,1
Panama,2013,91.481,2.3914519337270767e-05,3825333.0,67546261000.0,14.0,31.1,,1
Paraguay,2010,30.518,5.318602928246613e-06,5737973.0,45961696292.0,18.4,,,1
Peru,2010,225.286,7.745507713138212e-06,29086021.0,230353256282.0,30.57,68.22333333333333,19.1425,6
Peru,2011,248.556,8.481957957872287e-06,29304083.0,244711917914.0,36.0625,58.839999999999996,12.775,6
Peru,2012,256.725,8.687709360766992e-06,29550367.0,259737230567.0,30.37,60.75333333333333,14.5975,6
Peru,2013,262.581,8.806150988191391e-06,29817908.0,274939626306.0,34.52166666666667,65.3409090909091,19.64,11
Peru,2014,268.829,8.926502926617485e-06,30115825.0,281488723310.0,32.928333333333335,72.49384615384616,17.455714285714286,13
Peru,2015,281.669,9.247905891987935e-06,30457598.0,290642734598.0,27.425,74.98615384615385,16.503,13
Peru,2016,298.938,9.684869650093433e-06,30866497.0,302131843581.0,27.5,79.36999999999999,29.692857142857143,13
Peru,2017,303.59,9.691731802559639e-06,31324639.0,309742529723.0,23.398,65.87666666666667,26.875,6
Peru,2018,318.425,9.982729102731586e-06,31897590.0,322061010919.0,25.99,71.85333333333334,18.823333333333334,6
Peru,2019,326.585,1.0064469183343295e-05,32449302.0,329252610797.0,30.14,,,1
Philippines,2012,359.886,3.5925546713707308e-06,100175511.0,631700459807.0,,56.375,,4
Philippines,2013,385.732,3.7788582807058887e-06,102076334.0,674346563689.0,32.5,48.79714285714285,,9
Philippines,2014,405.675,3.909475107661023e-06,103767127.0,717154029846.0,30.333333333333332,49.965999999999994,,8
Philippines,2015,444.452,4.220296170876853e-06,105312988.0,762678999551.0,29.928571428571427,55.73666666666667,,19
Philippines,2016,485.422,4.547887019004631e-06,106735721.0,817202925336.0,26.833333333333332,52.6,,16
Philippines,2017,532.517,4.92525454960836e-06,108119691.0,873843247356.0,39.2,56.25,,10
Philippines,2018,550.443,5.02847094426759e-06,109465284.0,929253628653.0,18.0,52.6,,7
Poland,2010,1157.25,3.03777184809613e-05,38095356.0,795619859853.0,29.421463414634147,37.05213235294118,17.919270833333332,167
Poland,2013,1131.318,2.9569777173200938e-05,38259267.0,863601156195.0,24.482698412698415,32.988957055214726,16.83212962962963,179
Poland,2014,1089.354,2.846859487910045e-05,38265113.0,896737189458.0,24.815303030303028,34.51909677419355,16.70656862745098,173
Poland,2015,1103.013,2.8824647181852946e-05,38266314.0,936043804062.0,23.29514285714286,32.82601226993865,16.503333333333334,175
Poland,2016,1150.245,3.006134344015643e-05,38263260.0,963689941627.0,22.398028169014083,31.040853658536584,16.367064220183487,176
Poland,2017,1208.289,3.1585155850623724e-05,38254964.0,1013223736654.0,22.874399999999998,31.740173410404626,16.223963963963964,187
Poland,2018,1222.083,3.195734324379522e-05,38241070.0,1073462064151.0,23.2772,32.182500000000005,16.15808695652174,192
Poland,2019,1187.268,3.105926863588034e-05,38225884.0,1121231497071.0,18.734772727272727,26.367195767195764,14.611487603305784,199
Portugal,2010,304.105,2.8747027387875914e-05,10578659.0,267277408809.0,8.046,24.167441860465118,21.375652173913043,50
Portugal,2013,289.661,2.769679202722205e-05,10458287.0,250405237435.0,6.382857142857143,20.347727272727273,14.872499999999999,30
Portugal,2014,291.774,2.8038468978550582e-05,10406203.0,252388910611.0,7.62,18.332424242424242,12.985999999999999,36
Portugal,2015,289.522,2.791847922097258e-05,10370264.0,256911888409.0,9.849285714285715,20.24897435897436,15.911081081081083,41
Portugal,2016,309.867,2.994932429003892e-05,10346377.0,262100101273.0,7.197692307692307,17.984473684210524,14.715714285714284,44
Portugal,2017,301.878,2.9221056413816574e-05,10330838.0,271290329012.0,9.309166666666666,20.278,18.275172413793104,42
Portugal,2018,304.09,2.9450803386421093e-05,10325355.0,279020275961.0,7.857777777777778,17.94302325581395,18.089189189189188,50
Portugal,2019,293.057,2.8333251798424824e-05,10343218.0,286505655767.0,6.546428571428572,17.427297297297297,16.27230769230769,49
Qatar,2016,586.515,0.00022563632432632063,2599382.0,372311173588.0,38.0,139.66666666666666,,3
Qatar,2017,564.071,0.00020839681739790952,2706716.0,366733973367.0,44.0,148.0,29.0,1
Qatar,2018,573.353,0.0002076505245651802,2761144.0,371263146890.0,44.0,181.0,47.0,1
Qatar,2019,585.209,0.00020915806595382937,2797927.0,373817411294.0,41.0,208.0,42.0,1
Qatar,2020,513.361,0.00018312248628884827,2803375.0,360517012801.0,33.0,108.0,28.0,1
Qatar,2021,543.069,0.00019292053820478097,2814988.0,366245595916.0,38.0,150.0,30.0,1
Romania,2010,396.424,1.9401568329004053e-05,20432575.0,335489566640.0,15.781578947368422,25.577894736842108,21.23,62
Romania,2013,369.577,1.8420904282443932e-05,20062913.0,357789262640.0,16.054,24.576666666666668,20.753548387096775,54
Romania,2014,379.116,1.8986007687531246e-05,19968179.0,372532510801.0,14.504285714285714,22.85275,17.030625,45
Romania,2015,381.136,1.9180496942834033e-05,19871018.0,384306463712.0,16.768333333333334,24.475405405405407,16.298846153846153,53
Romania,2016,381.085,1.9269052728746335e-05,19777049.0,395288226514.0,16.232499999999998,22.267096774193547,18.616666666666667,48
Romania,2017,387.936,1.970277923583775e-05,19689405.0,456012361225.0,19.143333333333334,24.528245614035086,18.98445945945946,81
Romania,2018,392.051,2.0004771946181507e-05,19597874.0,473122658487.0,18.269166666666667,24.48625,20.11270588235294,92
Romania,2019,383.818,1.96814180129961e-05,19501542.0,456564507688.0,15.9575,23.48,21.2075,78
Saudi Arabia,2014,2931.717,0.00010110021933485566,28998127.0,1520484201383.0,50.0,212.5,,2
Saudi Arabia,2015,3056.625,0.0001019726675719561,29974944.0,1591797027903.0,69.0,85.0,,1
Saudi Arabia,2016,3179.844,0.00010351794679072762,30717804.0,1629412617614.0,86.0,119.0,,1
Saudi Arabia,2017,3181.819,0.00010336487733250169,30782400.0,1628276592787.0,75.0,115.7,,1
Saudi Arabia,2019,2967.379,9.737792797506787e-05,30472809.0,1687180073621.0,34.12,,,1
Senegal,2010,26.389,2.088494420999764e-06,12635418.0,29674469620.0,,,22.07,1
Senegal,2011,27.694,2.1370637728412483e-06,12958902.0,30201416523.0,,,27.67,1
Senegal,2012,27.11,2.0367380666945693e-06,13310499.0,31410375400.0,,,24.52,1
Senegal,2013,28.245,2.060046283029573e-06,13710857.0,32167998974.0,30.0,130.0,36.16,1
Senegal,2014,31.419,2.2200940736511033e-06,14152103.0,34170131826.0,25.0,125.0,34.19,1
Senegal,2015,36.498,2.5010047394923775e-06,14593335.0,36345743124.0,33.0,145.0,19.6,1
Senegal,2016,35.216,2.3423432891126467e-06,15034517.0,38655882471.0,29.42,132.86,20.33,1
Senegal,2017,37.261,2.407818907410733e-06,15475001.0,41519118886.0,19.86,143.31,22.1,1
Senegal,2018,37.597,2.3624375137256947e-06,15914495.0,44097044770.0,42.0,136.19,15.68,1
Senegal,2019,41.889,2.561559931231879e-06,16352926.0,46131678369.0,,136.26,16.79,1
Serbia,2010,178.854,2.418294962379014e-05,7395872.0,88047936265.0,,34.05,21.743000000000002,10
Serbia,2013,172.298,2.367972328348531e-05,7276183.0,93027618312.0,,37.52,23.977857142857143,14
Serbia,2014,150.18,2.0779823121060805e-05,7227203.0,91548933459.0,,33.6625,24.37625,9
Serbia,2015,170.528,2.3759494748481208e-05,7177257.0,93202353035.0,,29.259999999999998,19.033749999999998,10
Serbia,2016,174.139,2.4436847002764354e-05,7126083.0,96313997829.0,22.67,30.136666666666667,20.242,7
Serbia,2017,181.355,2.5638625931945778e-05,7073507.0,98337716405.0,,47.255,30.105,5
Serbia,2018,181.075,2.579410810291831e-05,7020014.0,102758122729.0,,41.18,24.28142857142857,8
Serbia,2019,181.056,2.5990808415833414e-05,6966155.0,107209329080.0,,37.535,24.265555555555554,10
Singapore,2010,792.033,0.0001560035217509484,5077020.0,297586792174.0,17.0,,23.0,1
Singapore,2011,824.16,0.00015903541362985365,5182242.0,319718127421.0,17.0,,25.0,1
Singapore,2012,831.272,0.00015704096370064676,5293345.0,333899221028.0,19.0,,25.0,1
Singapore,2013,843.129,0.00015655279301855378,5385589.0,349985256634.0,20.0,,25.0,1
Singapore,2014,860.464,0.00015765480453192705,5457899.0,363759075569.0,18.0,30.0,24.0,1
Singapore,2015,911.619,0.00016498867129153793,5525343.0,374587437267.0,24.0,,22.0,1
Singapore,2016,960.892,0.00017226658749759768,5577936.0,388078809982.0,15.0,,26.0,1
Singapore,2017,986.095,0.00017595997349791322,5604087.0,405715948493.0,14.0,,25.0,1
Singapore,2018,993.577,0.00017634228944303582,5634366.0,420221993120.0,15.0,29.0,26.0,1
Singapore,2019,974.507,0.00017188400091576738,5669562.0,425816263950.0,16.0,,23.0,1
Singapore,2020,913.371,0.00016251716368474796,5620151.0,409204971045.0,11.0,,20.0,1
Slovakia,2010,205.5,3.8113028591077245e-05,5391857.0,118344324253.0,21.6535,33.88423076923077,28.843,26
Slovakia,2014,181.12,3.344636006764615e-05,5415238.0,126232947119.0,19.21333333333333,26.857222222222223,18.735714285714288,22
Slovakia,2015,182.99,3.376026100506284e-05,5420278.0,132755573802.0,18.6575,27.497142857142855,26.593333333333334,12
Slovakia,2016,184.744,3.4040000280067554e-05,5427262.0,135336424966.0,14.9125,22.46666666666667,19.116470588235295,22
Slovakia,2017,194.595,3.579942388306055e-05,5435702.0,139312659832.0,19.038888888888888,26.538888888888888,19.979,30
Slovakia,2018,191.296,3.514384568424367e-05,5443229.0,144927513498.0,18.11740740740741,25.626296296296296,18.08047619047619,31
Slovakia,2019,184.849,3.3913346115960605e-05,5450627.0,148579167627.0,15.594074074074074,22.301111111111112,16.839523809523808,31
Slovenia,2010,86.567,4.233910509138413e-05,2044611.0,53649775101.0,18.69666666666667,28.530909090909095,22.098750000000003,13
Slovenia,2013,80.779,3.928076123342534e-05,2056452.0,51803647300.0,17.143333333333334,24.950714285714287,21.023333333333333,14
Slovenia,2014,82.861,4.0255150250559295e-05,2058395.0,53237651266.0,15.066666666666665,22.395,19.014444444444443,14
Slovenia,2015,74.716,3.627085370199024e-05,2059946.0,54414237086.0,17.643333333333334,25.925714285714285,20.752222222222223,14
Slovenia,2016,79.858,3.874008612681123e-05,2061379.0,56151179265.0,17.383333333333333,23.70785714285714,19.354444444444443,14
Slovenia,2017,80.721,3.9139162436179036e-05,2062410.0,58855036945.0,16.53,24.61357142857143,22.384444444444444,14
Slovenia,2018,82.391,3.9812339694339265e-05,2069484.0,61476689663.0,15.3675,24.032142857142855,18.667777777777776,14
Slovenia,2019,80.002,3.839903083269096e-05,2083438.0,63598215879.0,12.452499999999999,20.625,18.89,14
South Africa,2010,1463.989,2.7968586380032862e-05,52344047.0,607601612432.0,34.697500000000005,42.538333333333334,38.86,7
South Africa,2011,1446.214,2.7289521928886706e-05,52995212.0,645388107070.0,47.825,39.592,21.346666666666664,7
South Africa,2012,1424.104,2.6478913149743496e-05,53782570.0,660853021773.0,27.28857142857143,53.39,22.98,11
South Africa,2013,1430.569,2.6163143444892314e-05,54678789.0,677278303675.0,24.224999999999998,41.248000000000005,30.05875,11
South Africa,2014,1448.045,2.604639207523576e-05,55594840.0,686853872664.0,21.80333333333333,41.491,25.60666666666667,10
South Africa,2015,1415.416,2.4952887281216037e-05,56723536.0,695933197143.0,19.3625,35.33111111111111,23.5,10
South Africa,2016,1480.061,2.584828207696358e-05,57259550.0,700558003750.0,22.853749999999998,44.23090909090909,29.66111111111111,12
South Africa,2017,1475.142,2.5594481757124705e-05,57635158.0,708670169977.0,15.886000000000001,31.282,20.183333333333334,8
South Africa,2018,1409.859,2.4053690750282515e-05,58613001.0,719458334697.0,22.49625,40.72909090909091,30.163,13
South Africa,2019,1471.708,2.4698109749835033e-05,59587880.0,721641639539.0,21.082666666666668,43.00222222222222,18.64466666666667,20
South Africa,2020,1399.597,2.3110008864579847e-05,60562374.0,675871755463.0,22.632857142857144,36.92625,16.485,19
South Africa,2021,1405.65,2.2855130584556407e-05,61502602.0,709077881289.0,22.334,52.338125,16.84846153846154,17
Spain,2010,1692.348,3.6130039603147437e-05,46840469.0,1480376411582.0,9.866119402985074,21.75533039647577,18.093828382838286,316
Spain,2011,1661.356,3.534947414828363e-05,46998040.0,1477187548437.0,12.792222222222222,,,9
Spain,2012,1647.511,3.5039765242158893e-05,47018323.0,1433478645419.0,12.597142857142858,18.02214285714286,,47
Spain,2013,1578.531,3.368582432320138e-05,46860394.0,1413362053623.0,8.446447368421053,18.334708737864077,15.800357142857145,303
Spain,2014,1554.219,3.326654064976238e-05,46720187.0,1433089409797.0,8.469135802469136,18.734103773584906,15.480899653979238,303
Spain,2015,1573.144,3.369794109860612e-05,46683683.0,1488098863146.0,9.496781609195402,20.314252336448597,16.832926829268292,303
Spain,2016,1582.913,3.38715866348854e-05,46732768.0,1533303930046.0,8.35840909090909,18.64212962962963,15.606470588235293,305
Spain,2017,1602.043,3.418158863481162e-05,46868594.0,1578931492849.0,9.550217391304347,20.3150462962963,16.50164948453608,303
Spain,2018,1628.672,3.4584297643523855e-05,47092817.0,1615001473949.0,9.016129032258064,17.97262910798122,14.50216494845361,304
Spain,2019,1583.871,3.3390259508350366e-05,47435121.0,1647042667976.0,8.96968085106383,18.77761467889908,14.307256944444443,304
Sri Lanka,2011,75.579,3.5974489855659372e-06,21009054.0,195461606183.0,,64.0,,1
Sri Lanka,2013,79.214,3.708723919274788e-06,21358829.0,220937614421.0,,64.0,,1
Sri Lanka,2017,106.731,4.832184683435559e-06,22087525.0,273915973018.0,31.39,,,1
Sri Lanka,2018,112.369,5.0495849659885835e-06,22253116.0,280243422762.0,31.66,,,1
Sri Lanka,2019,113.035,5.043829353243954e-06,22410552.0,279626891521.0,23.58,,,1
Sweden,2010,621.735,6.62955306937319e-05,9378234.0,399838964466.0,7.445555555555556,17.247307692307693,20.390555555555558,29
Sweden,2013,603.543,6.286500246859057e-05,9600620.0,399973749048.0,6.3774999999999995,17.93375,17.69962962962963,36
Sweden,2014,600.777,6.19585253883952e-05,9696438.0,410604225974.0,8.085,17.503461538461536,15.652941176470586,43
Sweden,2015,622.062,6.347906313016717e-05,9799483.0,429037422635.0,6.3853333333333335,15.10206896551724,14.02742857142857,48
Sweden,2016,609.401,6.141124089905344e-05,9923281.0,437921057919.0,5.863684210526316,13.97809523809524,14.76288888888889,58
Sweden,2017,631.343,6.277108141450311e-05,10057864.0,449166531542.0,5.022,13.711666666666666,14.239583333333334,59
Sweden,2018,609.195,5.9869390883896464e-05,10175400.0,457925387676.0,6.572222222222222,17.231714285714286,15.248297872340425,53
Sweden,2019,625.819,6.088254636583676e-05,10279120.0,467020665386.0,5.623333333333333,15.882499999999999,14.380476190476191,54
Switzerland,2010,359.477,4.593514998562438e-05,7825750.0,451139715920.0,,17.57190476190476,20.910476190476192,21
Switzerland,2011,334.923,4.23182918078601e-05,7914379.0,467103594697.0,14.577777777777776,20.764814814814816,25.148202247191012,94
Switzerland,2012,354.065,4.426406191730466e-05,7998927.0,472611933649.0,12.733333333333333,17.846913580246913,24.236704545454543,93
Switzerland,2013,359.146,4.43872410009938e-05,8091199.0,481081829913.0,14.046153846153846,18.128773584905662,24.569375,117
Switzerland,2014,344.44,4.2054943946683846e-05,8190238.0,492386642888.0,8.977777777777778,14.95888888888889,23.238720930232557,89
Switzerland,2015,336.322,4.0599280052728534e-05,8283940.0,500484653705.0,11.447333333333335,16.563469387755102,23.96019230769231,108
Switzerland,2016,316.245,3.776103436660699e-05,8374903.0,510838097521.0,10.223749999999999,14.366458333333334,22.429899999999996,105
Switzerland,2017,316.995,3.749809253539604e-05,8453630.0,517799793781.0,11.481851851851852,14.603365384615385,22.491904761904763,109
Switzerland,2018,321.458,3.7746022616990096e-05,8516341.0,532611137213.0,11.253684210526316,14.63190476190476,20.221238095238096,110
Switzerland,2019,335.955,3.916689254767546e-05,8577525.0,538693495449.0,9.358064516129033,13.026200000000001,19.298823529411766,105
Switzerland,2020,309.602,3.583115118865836e-05,8640582.0,525896489462.0,9.084821428571429,12.726923076923077,16.98155844155844,82
Tajikistan,2019,44.148,4.6325434392763045e-06,9529970.0,40979787244.0,71.52,,,1
Thailand,2014,1357.17,1.9328400978677876e-05,70216362.0,971562808709.0,,44.79653846153846,,26
Thailand,2015,1377.446,1.9526944035937675e-05,70540787.0,1002011619070.0,27.87,39.845,19.47,2
Thailand,2016,1405.572,1.9835947966855976e-05,70859835.0,1036430730493.0,,44.1404,18.895,25
Thailand,2017,1432.683,2.0133211293175005e-05,71160183.0,1079732734924.0,,40.477391304347826,,23
Thailand,2019,1479.745,2.0689291938521407e-05,71522264.0,1149130685920.0,24.6659375,43.5358064516129,20.174,34
Trinidad And Tobago,2016,195.773,0.00013623436098455775,1437031.0,42362516644.0,11.9,25.2,13.3,1
Trinidad And Tobago,2017,207.067,0.000143272687015876,1445265.0,40368511597.0,14.7,26.575000000000003,8.0,2
Trinidad And Tobago,2018,194.039,0.00013195246313893976,1470522.0,40016907555.0,12.4,23.05,6.550000000000001,2
Trinidad And Tobago,2019,195.203,0.00013145886114736502,1484898.0,40060922958.0,11.933333333333332,28.5,12.4,3
Tunisia,2010,88.449,8.215598314097438e-06,10765984.0,112484995734.0,,78.75,,4
Turkey,2010,1253.167,1.708551130938752e-05,73346766.0,1240496805446.0,,72.0278947368421,,76
Turkey,2015,1589.021,1.985923202502675e-05,80014222.0,1727192876718.0,,57.245,30.964827586206898,93
Turkey,2016,1669.239,2.044331089785862e-05,81652087.0,1784590365590.0,23.010625,51.20863636363636,32.3675,99
Turkey,2017,1787.342,2.1512555530318612e-05,83083667.0,1918472081554.0,25.145,50.28619565217391,30.5114,100
Turkey,2018,1787.873,2.117932287832849e-05,84415966.0,1975637604336.0,22.94173913043478,48.82899999999999,27.411428571428573,112
Turkey,2019,1849.129,2.1663302196510284e-05,85357670.0,1991116616493.0,21.86659090909091,45.84943396226415,29.813582089552238,117
Turkmenistan,2019,350.677,5.154026128672742e-05,6803943.0,94329707021.0,22.08,,,1
Uganda,2013,19.117,5.409902637599913e-07,35337050.0,66855286085.0,104.3,170.4,,1
Uganda,2017,25.916,6.450395077987158e-07,40177384.0,81700865546.0,53.71,,,1
Uganda,2018,27.908,6.714167371913268e-07,41565839.0,86196050499.0,59.04,,,1
Uganda,2019,28.523,6.633311965710594e-07,42999636.0,92903828922.0,60.15,,,1
Ukraine,2018,1011.989,2.238472807004408e-05,45208903.0,431842093109.0,22.82,37.84,,1
Ukraine,2019,957.663,2.1301541317366946e-05,44957451.0,445656664440.0,23.36,31.19,,1
United Arab Emirates,2011,1020.931,0.00014180708044352365,7199436.0,551070287560.0,,152.86666666666667,21.099999999999998,3
United Arab Emirates,2012,1074.1,0.00014326831015955188,7497122.0,577394943300.0,,151.46333333333334,27.796666666666667,3
United Arab Emirates,2013,1131.859,0.00014451998639912838,7831851.0,606587973942.0,,132.23,24.786666666666665,3
United Arab Emirates,2014,1135.193,0.00013781832441409853,8236880.0,631858461256.0,,105.74333333333334,28.166666666666668,3
United Arab Emirates,2015,1223.079,0.0001409948985738071,8674633.0,674742705535.0,,141.81333333333333,26.13,3
United Arab Emirates,2017,1211.888,0.0001312372419006035,9234330.0,717500233045.0,32.79,116.52250000000001,44.041999999999994,5
United Arab Emirates,2018,1132.725,0.00012118762751594917,9346870.0,726928170282.0,51.53,112.718,39.477999999999994,5
United Arab Emirates,2019,1216.958,0.00012976933424541114,9377855.0,734982504070.0,45.64,103.564,35.094,5
United Arab Emirates,2020,1184.499,0.00012536332375124212,9448529.0,698549476819.0,,104.33999999999999,33.97833333333333,6
United Kingdom,2010,2475.146,3.928398985996394e-05,63006482.0,2190919919855.0,12.457954545454545,18.40081081081081,28.320138888888888,76
United Kingdom,2013,2388.473,3.709420369375785e-05,64389386.0,2296252599482.0,12.167962962962964,17.77,24.03494252873563,92
United Kingdom,2014,2255.708,3.4774935877724624e-05,64865914.0,2369725553442.0,11.78078431372549,16.56477272727273,23.699634146341467,89
United Kingdom,2015,2279.467,3.486377396800626e-05,65382107.0,2426435869267.0,9.732068965517241,15.437446808510638,22.853736263736263,98
United Kingdom,2016,2246.922,3.4099369558622744e-05,65893359.0,2478973016876.0,9.798867924528302,16.059302325581395,25.041685393258426,97
United Kingdom,2017,2251.043,3.392451025871308e-05,66354473.0,2539548543933.0,9.063207547169812,14.619347826086956,22.741134020618556,99
United Kingdom,2018,2246.424,3.365304533361633e-05,66752473.0,2582848171416.0,9.838596491228069,16.14979166666667,21.817941176470587,107
United Kingdom,2019,2192.985,3.267700335912356e-05,67110958.0,2624285076706.0,9.592131147540984,16.043035714285715,21.674392523364485,111
Uruguay,2014,46.396,1.3823378599863006e-05,3356343.0,64232518554.0,8.0,25.83,,1
Uruguay,2018,45.987,1.354735165728002e-05,3394538.0,66946183643.0,12.0,19.0,,1
Uzbekistan,2018,539.008,1.6649672823340112e-05,32373489.0,320808179800.0,43.09,,,1
Uzbekistan,2019,543.371,1.648342014336548e-05,32964700.0,339998944961.0,41.96,,,1
