country,year,pm25_concentration_actual,pm25_concentration_predicted,pm25_concentration_residual,pm10_concentration_actual,pm10_concentration_predicted,pm10_concentration_residual,no2_concentration_actual,no2_concentration_predicted,no2_concentration_residual
Albania,2015,21.79,37.29429414430013,-15.504294144300133,25.4675,56.88364281616534,-31.41614281616534,18.585,24.067948803382475,-5.482948803382474
Albania,2016,21.48,34.68970827128427,-13.209708271284267,29.16,54.62958101391665,-25.46958101391665,21.186666666666667,24.997302344276104,-3.8106356776094366
Australia,2012,14.45,12.50418132683372,1.9458186731662792,17.790000000000003,17.910913595524985,-0.12091359552498204,7.965,10.354307816251014,-2.389307816251014
Australia,2013,9.94,9.647036906271559,0.2929630937284404,18.134090909090908,17.80656968557464,0.32752122351626767,12.176,10.376073077157917,1.7999269228420829
Australia,2014,7.48590909090909,8.066182279896271,-0.5802731889871806,17.728125,17.67976292013598,0.0483620798640203,11.102857142857143,10.061747639418044,1.041109503439099
Australia,2015,7.1545000000000005,7.927210309735856,-0.7727103097358556,17.9115625,17.755142117016078,0.1564203829839208,8.89,9.687157183789466,-0.7971571837894658
Australia,2016,6.845238095238095,7.383807322312638,-0.538569227074543,16.717,17.221245266382414,-0.5042452663824157,10.22153846153846,9.761576260255204,0.4599622012832558
Australia,2017,7.28,7.586167098697464,-0.30616709869746384,16.844,17.52604882969215,-0.6820488296921496,7.899999999999999,8.704872657013853,-0.8048726570138545
Australia,2018,8.06,7.5679527753288,0.4920472246712002,18.992,18.007871058655375,0.9841289413446255,6.9366666666666665,8.800409586317716,-1.8637429196510498
Australia,2019,7.455,7.502493793134428,-0.0474937931344277,16.82536231884058,17.358785834375503,-0.5334235155349241,9.826666666666668,9.542119991353195,0.28454667531347333
Austria,2010,18.35727272727273,17.71924145020483,0.6380312770678991,23.107884615384613,20.746448263594527,2.3614363517900863,22.09836363636364,20.628833850502403,1.469529785861237
Austria,2013,15.902173913043478,14.442020561712235,1.4601533513312432,20.749895833333333,19.346524991927453,1.4033708414058808,21.08065420560748,20.42836390268404,0.6522903029234399
Austria,2014,13.111,13.58215942736465,-0.47115942736464866,18.08742268041237,18.81347618225493,-0.7260535018425607,19.42185185185185,19.769995292794178,-0.3481434409423265
Austria,2015,13.707083333333332,13.564128969227577,0.1429543641057549,19.37056179775281,18.89598722872082,0.47457456903199,20.365471698113204,19.648921899998705,0.7165497981144995
Austria,2016,12.143714285714289,12.912769821170578,-0.7690555354562889,16.858383838383837,17.58795917762231,-0.7295753392384725,19.05275229357798,19.07102947012167,-0.018277176543687546
Austria,2017,12.575135135135136,13.01324810930348,-0.4381129741683445,17.264200000000002,17.370844375028508,-0.10664437502850532,19.14101851851852,18.70292246131203,0.43809605720649003
Austria,2018,13.563055555555556,13.083692960788696,0.47936259476685983,18.652659574468085,18.027823066865633,0.6248365076024527,17.6092523364486,17.951920966872855,-0.34266863042425655
Austria,2019,11.086857142857143,13.77294497801316,-2.686087835156016,15.497525773195877,17.26299832371633,-1.765472550520455,16.63601851851852,17.852167778629756,-1.2161492601112371
Bahrain,2019,43.38999999999999,30.83273283862432,12.557267161375673,115.95666666666664,74.16727801423576,41.78938865243087,51.625,33.28514247398302,18.339857526016978
Bangladesh,2013,76.2475,69.16813954910126,7.079360450898747,129.3475,132.04756212518353,-2.7000621251835355,28.58,33.877042740867815,-5.297042740867816
Bangladesh,2014,75.16125,69.16813954910126,5.99311045089874,143.5125,132.30769727729992,11.204802722700066,37.39571428571429,34.85113441857686,2.544579867137429
Bangladesh,2015,74.25874999999999,63.89824430169753,10.360505698302461,129.00714285714284,132.14880308528052,-3.141660228137681,40.137142857142855,35.53864600007871,4.5984968570641485
Bangladesh,2017,50.25111111111111,59.21508497968791,-8.963973868576801,126.70444444444443,132.8391570370001,-6.134712592555658,32.16,34.55690538626509,-2.3969053862650966
Bangladesh,2018,72.29375,58.673656279291066,13.620093720708937,146.69375,134.38003842652222,12.313711573477775,32.107142857142854,34.53573075141306,-2.4285878942702084
Belgium,2010,16.721818181818183,14.952758788781077,1.7690593930371055,26.09878048780488,23.81624723199777,2.2825332558071096,25.02320754716981,24.084657785440754,0.9385497617290568
Belgium,2013,14.81,13.461709229552737,1.3482907704472638,23.496086956521737,22.09783696829581,1.3982499882259276,23.98033898305085,22.702984430723163,1.2773545523276866
Belgium,2014,12.1753125,12.129537033898233,0.04577546610176775,20.555833333333336,21.024215049089097,-0.46838171575576126,21.754666666666665,21.53648847341516,0.21817819325150367
Belgium,2015,12.627708333333333,12.053288833036916,0.5744195002964165,20.524375,20.333517358425002,0.19085764157499696,21.017868852459014,21.057844824857014,-0.03997597239800044
Belgium,2016,12.4475,12.830210131644312,-0.38271013164431267,19.793541666666663,20.30731797592856,-0.5137763092618961,21.65576271186441,21.368299217818223,0.287463494046186
Belgium,2017,12.10891304347826,12.445785359687866,-0.33687231620960567,19.56127659574468,19.95945436702466,-0.398177771279979,21.63293103448276,21.1551429467655,0.4777880877172578
Belgium,2018,12.55177777777778,12.54004459593109,0.011733181846690144,20.869333333333334,20.412081513597574,0.45725181973575957,20.02,20.734458518118746,-0.7144585181187466
Belgium,2019,10.925531914893616,11.818518572988589,-0.8929866580949728,18.669787234042552,19.878882019691968,-1.209094785649416,18.74157894736842,20.700503445568025,-1.958924498199604
Bosnia And Herzegovina,2010,64.77,58.4114373941799,6.358562605820097,49.61,90.17555380982444,-40.565553809824436,25.79,34.79135592833092,-9.001355928330923
Bosnia And Herzegovina,2016,43.20333333333334,42.33167892935304,0.8716544039803011,42.86000000000001,43.37700890647979,-0.5170089064797807,18.385714285714283,23.659206603839785,-5.273492318125502
Bosnia And Herzegovina,2017,48.9875,35.458390013347746,13.529109986652252,40.00714285714286,39.44613005665282,0.5610128004900403,23.255,22.234535532720383,1.0204644672796164
Bosnia And Herzegovina,2018,49.825,39.850660407527656,9.974339592472347,52.83166666666667,42.779435549242436,10.052231117424235,21.77875,22.33086724084437,-0.5521172408443711
Bosnia And Herzegovina,2019,38.95666666666667,39.454545804353046,-0.4978791376863754,39.71428571428572,42.373810606326884,-2.659524892041162,21.063333333333333,23.937417696350618,-2.8740843630172854
Brazil,2010,16.776666666666667,28.552755178952328,-11.77608851228566,35.28666666666667,68.76986864673785,-33.48320198007118,24.54642857142857,24.872327337191276,-0.32589876576270527
Brazil,2011,15.646,15.421593470135843,0.224406529864158,36.951034482758615,34.379453567293986,2.5715809154646294,24.561714285714285,23.807660172894956,0.754054112819329
Brazil,2012,15.307999999999998,15.181651003140272,0.12634899685972556,35.69578125,34.44478706878526,1.2509941812147432,25.07428571428571,23.620008854624658,1.4542768596610536
Brazil,2013,14.16,14.772231981116011,-0.6122319811160111,35.051803278688524,34.6925045348172,0.3592987438713209,23.110243902439024,23.041390845976665,0.06885305646235906
Brazil,2014,15.958823529411765,15.613557550691375,0.34526597872038955,34.316567164179105,35.24751707627664,-0.9309499120975318,22.005641025641022,22.44117445972845,-0.4355334340874286
Brazil,2015,13.257692307692308,14.610841195110982,-1.3531488874186746,31.77053571428572,31.630324804284793,0.14021091000092767,21.569714285714287,21.217335042226946,0.3523792434873414
Brazil,2016,15.6,15.241591934352334,0.3584080656476658,31.21969696969697,31.922384806652996,-0.7026878369560272,22.977083333333336,21.698892542500918,1.2781907908324186
Brazil,2018,15.223333333333333,15.981154434344928,-0.7578211010115954,26.726857142857146,31.686596103114155,-4.95973896025701,17.48225806451613,20.1103900600214,-2.6281319955052673
Brazil,2019,15.43,15.687509737589309,-0.2575097375893094,25.812368421052632,33.90739485380174,-8.095026432749108,16.955625,19.83775500783734,-2.8821300078373397
Bulgaria,2010,23.8475,21.879067819444455,1.9684321805555456,44.917142857142856,38.50831742449229,6.408825432650566,21.511764705882356,20.254594395722457,1.2571703101598999
Bulgaria,2013,19.955714285714286,21.05137165541469,-1.0956573697004046,39.93407407407408,32.864491419071236,7.069582655002847,18.21294117647059,19.100335139109355,-0.8873939626387646
Bulgaria,2014,21.735714285714288,21.57217279647668,0.16354148923760903,41.48518518518518,39.04680730864329,2.4383778765418924,18.599285714285717,19.478432618630592,-0.879146904344875
Bulgaria,2015,23.966,21.637117629810017,2.3288823701899837,37.89333333333333,37.400499030528785,0.4928343028045461,18.27625,18.801955142974037,-0.5257051429740365
Bulgaria,2016,19.228,20.22113946427713,-0.9931394642771281,35.322,36.248362905956284,-0.9263629059562817,20.17,19.426675857900406,0.7433241420995955
Bulgaria,2017,19.56571428571429,19.84708754875284,-0.2813732630385495,33.94724137931035,34.11891255510264,-0.17167117579229085,18.365882352941178,18.689323530980563,-0.3234411780393849
Bulgaria,2018,19.58428571428572,19.52571374669312,0.05857196759259864,32.97538461538461,33.196204692202976,-0.22082007681836302,18.14933333333333,18.49211809772808,-0.34278476439475014
Bulgaria,2019,16.538571428571426,18.457003317302853,-1.9184318887314262,29.003103448275866,31.870652992561574,-2.8675495442857084,18.33875,18.92283213234664,-0.5840821323466407
Canada,2015,6.889133333333333,18.756775917357793,-11.867642584024459,13.1776,39.143515277631465,-25.965915277631467,11.560185185185183,17.12066430025495,-5.560479115069768
Canada,2016,5.857341772151899,7.111665489130131,-1.2543237169782326,12.0732,16.181822404376593,-4.108622404376593,10.903893129770992,11.355339938658979,-0.4514468088879866
Canada,2017,6.78319018404908,7.849772728687169,-1.0665825446380888,15.0915,17.546820242844014,-2.4553202428440137,11.219626865671644,11.413523147147236,-0.1938962814755918
Canada,2018,7.503928571428572,7.913882946910783,-0.4099543754822106,15.261904761904765,17.572059520204085,-2.310154758299321,11.512657342657342,11.43692889009494,0.07572845256240157
Canada,2019,5.92125,7.22525338253306,-1.3040033825330601,13.236842105263158,16.316984478864473,-3.0801423736013156,11.104326241134752,11.711372722143958,-0.6070464810092062
Chile,2010,25.83818181818182,20.065585011079726,5.772596807102094,63.805,41.57812384344827,22.226876156551732,21.29636363636364,21.097530132360177,0.19883350400346345
Chile,2011,26.223636363636363,23.505033312501794,2.7186030511345685,69.335,50.00072866383485,19.334271336165145,21.66,21.0117201993517,0.6482798006483002
Chile,2013,30.403684210526315,26.76198258143088,3.6417016290954365,62.01333333333333,57.70692385102149,4.306409482311835,1.01,8.802688258846835,-7.792688258846836
Chile,2014,26.340625,26.53777026301201,-0.19714526301201118,52.635,56.13782696228875,-3.5028269622887507,5.5200000000000005,7.453993889377131,-1.9339938893771302
Chile,2015,25.609736842105264,26.48764261070595,-0.8779057686006873,54.38351351351351,55.30133926106841,-0.9178257475548932,7.003333333333333,6.85813457117962,0.1451987621537132
Chile,2016,25.91081081081081,26.370223358584948,-0.4594125477741393,50.64117647058824,52.54066724220298,-1.8994907716147367,10.122,8.635874535652436,1.4861254643475643
Chile,2019,19.02972972972973,22.591852678794183,-3.5621229490644524,39.823103448275866,41.081862891699345,-1.2587594434234788,16.46,15.525170178139074,0.9348298218609266
China,2013,75.35,51.49657779837934,23.853422201620653,152.0,107.313131559762,44.686868440238,52.0,39.543591645337244,12.456408354662756
China,2014,52.3424882629108,51.49657779837934,0.8459104645314568,126.0,107.78114986696582,18.21885013303418,42.56037735849056,39.63504251585889,2.9253348426316705
China,2015,49.48566972477064,51.4798141131562,-1.994144388385564,102.77777777777776,106.73031551702955,-3.9525377392517953,35.650485436893206,39.61142735376972,-3.9609419168765143
China,2016,45.62125454545454,51.4798141131562,-5.858559567701661,85.35583333333334,107.48344588739994,-22.1276125540666,34.18408,39.61142735376972,-5.4273473537697186
Colombia,2010,32.33,27.91379880048399,4.41620119951601,50.833333333333336,55.67871081509243,-4.845377481759094,32.443333333333335,29.180926303188226,3.262407030145109
Colombia,2011,22.5,24.338141245829615,-1.8381412458296147,40.71111111111111,51.960546323116695,-11.249435212005586,26.55,26.64723525069043,-0.09723525069042793
Colombia,2012,24.83333333333333,24.259178604152222,0.5741547291811067,44.94,46.14963421588982,-1.209634215889821,23.0,23.92307532666364,-0.9230753266636391
Colombia,2013,22.35,23.961372683517297,-1.6113726835172955,41.238,43.394090489708596,-2.156090489708596,24.3,24.345412190090496,-0.04541219009049513
Colombia,2014,20.882857142857144,19.28980504062969,1.5930521022274533,41.227222222222224,42.076762276572865,-0.8495400543506406,25.97,24.118893205030645,1.851106794969354
Colombia,2015,27.3375,23.076807002867262,4.260692997132736,46.405,42.993024787410896,3.4119752125891054,26.275,24.297577884232975,1.9774221157670233
Colombia,2016,16.655,18.079416087548463,-1.4244160875484617,41.36,41.66903104358373,-0.30903104358372957,13.1,20.82740639033568,-7.727406390335679
Costa Rica,2018,22.5,31.43619730820106,-8.93619730820106,23.55,54.353060386280376,-30.803060386280375,40.71,37.835081224180584,2.874918775819417
Croatia,2013,23.005,20.58276259105691,2.42223740894309,31.18,28.71745132798343,2.4625486720165704,20.2425,19.47663398747741,0.76586601252259
Croatia,2014,20.036666666666665,20.69087186925556,-0.6542052025888943,26.632857142857144,28.02525075377849,-1.3923936109213457,18.67,19.153138746664425,-0.483138746664423
Croatia,2015,15.60625,17.21678324588143,-1.610533245881431,24.855454545454545,26.31502302867406,-1.4595684832195133,19.794285714285717,19.521123919101907,0.27316179518381034
Croatia,2016,17.274444444444445,16.28770822435666,0.9867362200877849,25.402,24.91044892069954,0.4915510793004607,18.61777777777778,19.028584409458237,-0.41080663168045817
Croatia,2017,15.549,15.454933906234965,0.09406609376503461,23.02,23.573078340230076,-0.5530783402300763,19.727777777777774,18.57461679370082,1.1531609840769548
Croatia,2018,15.6775,15.73638846145983,-0.058888461459829955,24.006153846153843,24.388458591559637,-0.3823047454057935,15.22,17.041035176486332,-1.8210351764863315
Croatia,2019,13.715,15.115504913993414,-1.400504913993414,22.037,23.702123002923873,-1.665123002923874,17.128999999999998,17.14715765537117,-0.018157655371172865
Cyprus,2010,20.048,17.659889013029957,2.388110986970041,45.26666666666667,38.02408673588857,7.242579930778106,18.31,16.823552418259986,1.4864475817400127
Cyprus,2013,15.957999999999998,17.219855690476198,-1.2618556904761995,36.92,34.21684661427876,2.7031533857212438,16.465,16.12765359391535,0.3373464060846487
Cyprus,2014,16.201999999999998,17.133142634920645,-0.9311426349206471,33.656666666666666,33.621626149470906,0.0350405171957604,16.38,16.158307613756616,0.22169238624338305
Cyprus,2015,15.954,17.193897865079375,-1.2398978650793744,34.403333333333336,33.67521732856448,0.7281160047688573,16.96,16.42394687500001,0.5360531249999916
Cyprus,2016,11.506666666666668,13.223098605820098,-1.7164319391534306,29.275,31.205244239617922,-1.9302442396179238,16.223333333333333,15.856125142165716,0.3672081911676166
Cyprus,2017,13.724,13.337489232804227,0.38651076719577304,26.865,28.450358091767956,-1.585358091767958,15.033333333333331,15.154018587602218,-0.12068525426888677
Cyprus,2018,12.941999999999998,13.094133796296287,-0.15213379629628854,33.1425,29.878369662770705,3.264130337229293,14.353333333333332,15.076580857804238,-0.7232475244709065
Cyprus,2019,13.025,13.197760593915339,-0.1727605939153385,24.15,26.613429195998446,-2.4634291959984473,14.915,15.168166096119934,-0.25316609611993535
Czechia,2010,23.613333333333337,20.98111641385895,2.632216919474388,29.067666666666668,27.144895843972655,1.9227708226940123,19.30672131147541,17.84196103328171,1.464760278193701
Czechia,2013,20.158125,20.477801092266095,-0.3196760922660964,25.9025,26.931731668502476,-1.0292316685024758,17.699333333333335,17.40995131573166,0.2893820176016746
Czechia,2014,19.37290322580645,19.343843386798785,0.02905983900766529,25.63164556962025,26.367744806560268,-0.7360992369400172,16.780434782608694,16.706348563565626,0.07408621904306756
Czechia,2015,17.946666666666665,17.94598166953226,0.0006849971344067285,23.30814285714285,23.522354846241015,-0.21421198909816397,16.31953488372093,16.198577542103386,0.12095734161754379
Czechia,2016,18.4643137254902,17.782668595399045,0.6816451300911552,21.804285714285715,22.89254853434481,-1.0882628200590965,15.000204081632653,15.640002767203077,-0.6397986855704243
Czechia,2017,18.747692307692308,19.518830287966484,-0.771137980274176,22.193736263736263,24.174565302305986,-1.9808290385697234,15.014489795918369,15.376555653851003,-0.36206585793263457
Czechia,2018,20.40686274509804,19.22510023365671,1.1817625114413275,24.484666666666666,24.338999401967417,0.14566726469924873,14.9104,15.290798591604203,-0.3803985916042034
Czechia,2019,15.284736842105264,16.69975484976865,-1.4150180076633845,19.423478260869565,21.837335055335302,-2.4138567944657368,14.761272727272727,15.264723916980275,-0.5034511897075475
Denmark,2010,15.086666666666666,14.434463772603776,0.6522028940628903,21.5475,20.79456028175978,0.7529397182402207,25.33,22.078078590230415,3.251921409769583
Denmark,2013,11.0625,11.8446726217759,-0.7821726217758993,21.735,21.4755952211996,0.25940477880039836,18.13714285714286,18.229722410433737,-0.09257955329087864
Denmark,2014,13.26,11.942496695478521,1.3175033045214786,22.186,20.909123693870747,1.2768763061292532,18.00166666666667,15.936197198715293,2.0654694679513756
Denmark,2015,11.256666666666666,11.080957116596746,0.17570955006991973,20.655,20.49333641240173,0.1616635875982695,12.541250000000002,12.579185807383833,-0.03793580738383184
Denmark,2016,10.29,10.537310582110797,-0.24731058211079748,18.73,19.377797303152576,-0.6477973031525757,12.783333333333337,12.259437405794161,0.5238959275391757
Denmark,2017,9.406,10.404539445688734,-0.9985394456887331,17.985,19.31499801790485,-1.329998017904849,11.954444444444444,12.406764917585344,-0.4523204731408992
Denmark,2018,12.222,11.52822457321438,0.6937754267856189,21.102,20.212146269602876,0.8898537303971246,12.066666666666668,12.217626228584962,-0.15095956191829352
Denmark,2019,10.242,11.140734402582522,-0.8987344025825212,18.85,19.837310955525584,-0.987310955525583,10.703333333333331,13.800882789241625,-3.0975494559082932
Ecuador,2010,19.27,23.26566562962963,-3.995665629629631,39.865,40.61783188051146,-0.752831880511458,20.54,21.79695198816111,-1.2569519881611093
Ecuador,2011,17.82,20.216070436507938,-2.3960704365079373,34.08,37.01242822001763,-2.932428220017634,18.53,21.40598295834226,-2.8759829583422594
Ecuador,2012,18.43,18.273439208152954,0.15656079184704552,36.42666666666667,36.77542452160494,-0.3487578549382704,19.63,21.254368915687742,-1.624368915687743
Ecuador,2013,18.45,17.719835319264067,0.7301646807359319,34.25,37.64096345458554,-3.3909634545855383,21.435,21.238777039669927,0.19622296033007203
Ecuador,2014,17.32,16.893414281746033,0.4265857182539676,46.445,41.54931400272566,4.895685997274342,22.895,21.83434735336169,1.0606526466383102
Ecuador,2015,17.27,16.75702873015873,0.5129712698412696,38.725,40.092455008016685,-1.3674550080166838,22.42,21.23608994343674,1.1839100565632634
Ecuador,2016,14.07,16.304114960317467,-2.2341149603174664,40.75,40.06331817548501,0.6866818245149915,20.74,20.737494963681414,0.0025050363185847857
Ecuador,2017,14.015,15.95257746489622,-1.9375774648962203,43.375,41.344595526535194,2.030404473464806,19.395,20.44143316606856,-1.0464331660685602
Ecuador,2018,19.84,18.302847495809544,1.5371525041904555,33.22,39.447853184352674,-6.227853184352675,24.09,21.733173563406407,2.356826436593593
Estonia,2010,7.726666666666667,7.695669900868973,0.030996765797693726,15.77,14.796226921249236,0.9737730787507637,8.52142857142857,8.346824131192879,0.17460444023569188
Estonia,2013,6.645714285714286,6.424963546125833,0.22075073958845248,13.842000000000002,13.763115414041918,0.07888458595808423,8.643333333333333,7.810494855399231,0.8328384779341018
Estonia,2014,7.508571428571429,7.197534983216519,0.31103644535490993,14.342000000000002,13.908802462122301,0.4331975378777013,7.215714285714285,7.1899462684719415,0.025768017242343788
Estonia,2015,6.362,6.994075485363031,-0.632075485363031,12.335,13.01876111239369,-0.6837611123936895,6.217142857142858,6.905148334242367,-0.6880054770995088
Estonia,2016,5.204285714285715,6.5239649275445855,-1.3196792132588708,11.41,12.73784126019786,-1.327841260197859,6.435714285714285,6.893845031851968,-0.4581307461376829
Estonia,2017,4.55,5.940855534989704,-1.3908555349897043,10.386,12.638176732176028,-2.2521767321760287,5.514285714285714,6.488207075817703,-0.973921361531989
Estonia,2018,6.095714285714286,6.186214436222418,-0.09050015050813176,13.118,12.852117522343379,0.2658824776566213,6.505714285714285,6.605271713005911,-0.09955742729162598
Estonia,2019,4.5975,10.667128329186541,-6.069628329186541,10.873333333333331,14.583746224293936,-3.7104128909606047,5.585,7.776176518073307,-2.1911765180733074
Finland,2010,8.529166666666667,9.518077584521718,-0.9889109178550513,14.886400000000002,15.434693300743746,-0.5482933007437438,16.764444444444443,18.430183451903016,-1.6657390074585727
Finland,2013,6.407692307692307,7.015051237201179,-0.6073589295088722,13.14346153846154,13.897589755075533,-0.7541282166139922,14.304736842105264,14.581443405353907,-0.2767065632486432
Finland,2014,7.609285714285714,6.8032028329103875,0.8060828813753265,14.601923076923075,14.012215402850668,0.5897076740724074,14.64714285714286,13.739834262370273,0.9073085947725872
Finland,2015,5.699285714285714,5.953527546664561,-0.2542418323788471,12.48,12.616567528329607,-0.13656752832960706,13.350952380952382,13.186540315162109,0.16441206579027323
Finland,2016,5.727142857142858,6.109064532059074,-0.3819216749162164,11.933846153846153,12.453624326615822,-0.5197781727696693,13.053,13.096402538778374,-0.04340253877837341
Finland,2017,4.512857142857143,5.411826446641637,-0.8989693037844937,10.542962962962964,12.025438425616894,-1.4824754626539303,12.305,12.106438400213376,0.1985615997866237
Finland,2018,6.016923076923077,6.01789306973827,-0.0009699928151931658,13.121538461538462,12.484863417405984,0.6366750441324776,11.714,12.692524506001575,-0.978524506001575
Finland,2019,5.308333333333334,5.4411078445273775,-0.13277451119404393,11.389615384615384,12.120135385154272,-0.7305200005388883,10.485714285714286,11.878650762419186,-1.3929364767049002
France,2010,17.74651515151515,14.912185358574222,2.8343297929409292,24.381048689138577,22.88461853226506,1.4964301568735188,23.06571428571429,20.72096507756521,2.3447492081490786
France,2014,9.02,10.951808500101508,-1.9318085001015088,27.13,22.09999239564473,5.030007604355269,10.526,17.513639434520204,-6.987639434520204
France,2015,12.745564516129033,11.952688259150614,0.7928762569784187,20.04169014084507,20.46450904983324,-0.42281890898816954,20.161634615384617,18.47842562913058,1.6832089862540371
France,2016,11.573565217391304,11.084059414978702,0.48950580241260155,18.146554307116105,18.41203471065769,-0.2654804035415843,19.086414473684208,17.938651927000667,1.1477625466835413
France,2017,10.9672,10.76908724177843,0.19811275822157093,18.241818181818186,17.825632435071096,0.4161857467470895,18.812983050847457,17.987294426222512,0.8256886246249451
France,2018,10.373615384615384,10.467788648513778,-0.09417326389839431,17.667310344827587,18.378410766461478,-0.7111004216338905,17.4480602006689,17.592075772871304,-0.1440155722024059
France,2019,9.418161764705882,10.400511718541825,-0.9823499538359428,17.024776632302405,17.282430104753065,-0.2576534724506594,16.602508361204013,18.236791721714702,-1.6342833605106897
Germany,2010,17.34602409638554,15.279052601499597,2.0669714948859443,22.574647887323945,20.45900343953804,2.115644447785904,25.707684210526317,26.674707999964014,-0.9670237894376967
Germany,2013,14.110733944954127,14.96197636354924,-0.8512424185951133,19.76259067357513,20.024907788594856,-0.26231711501972654,29.82421052631579,27.003085372384994,2.8211251539307973
Germany,2014,14.033461538461538,13.912298668208926,0.1211628702526113,19.45664122137405,18.841903899370507,0.6147373220035419,25.512264150943395,25.295971221793028,0.21629292915036658
Germany,2015,12.6825,13.105272891125447,-0.42277289112544736,18.31889312977099,18.36862214913857,-0.049729019367578786,25.019686520376176,25.072447151718244,-0.052760631342067654
Germany,2016,12.198529411764708,12.743104194317969,-0.5445747825532603,17.070346153846153,17.791196280573367,-0.720850126727214,24.899369085173504,24.78186004394836,0.11750904122514427
Germany,2017,12.078344827586209,13.52397461959049,-1.445629792004281,16.816477272727273,17.315427774125098,-0.49895050139782526,23.598668730650157,24.770712594752414,-1.1720438641022568
Germany,2018,12.579533333333334,12.81169703776643,-0.23216370443309664,17.947148288973384,17.961114058307,-0.013965769333616151,23.739298780487804,24.104455636594757,-0.36515685610695314
Germany,2019,10.363333333333332,11.994867194356335,-1.6315338610230032,15.564431818181818,17.267099503509264,-1.7026676853274463,21.71975975975976,23.221446134558754,-1.501686374798993
Greece,2010,14.86,13.823341752685279,1.0366582473147208,38.536,27.43034561220517,11.105654387794832,25.728571428571428,23.57484836090797,2.1537230676634564
Greece,2013,10.02,15.082602239760652,-5.062602239760652,33.30444444444444,32.464145540627705,0.8402989038167377,20.2475,23.92014718257141,-3.67264718257141
Greece,2015,18.845,16.155283507341995,2.689716492658004,32.367777777777775,31.53248708199728,0.8352906957804933,24.34058823529412,24.86614383530692,-0.525555600012801
Greece,2016,17.05142857142857,14.944287376239044,2.1071411951895254,32.2,30.704158597643556,1.4958414023564472,26.63375,24.556037900379643,2.0777120996203564
Greece,2017,16.45875,15.74998939784923,0.7087606021507682,28.73785714285714,29.98945171638049,-1.2515945735233487,28.843846153846155,26.39991903404573,2.443927119800424
Greece,2018,16.599999999999998,15.721680048631013,0.8783199513689848,30.255625,29.845663984109287,0.4099610158907119,29.2,26.495273919785376,2.7047260802146234
Greece,2019,16.838,15.216333648231915,1.621666351768086,29.483529411764703,28.324533140038167,1.1589962717265365,24.62333333333333,25.01987406742127,-0.3965407340879388
Guatemala,2013,40.88,36.412102612995206,4.467897387004797,56.125,64.62898629971862,-8.503986299718619,34.75,32.57568288209577,2.1743171179042307
Guatemala,2014,35.17,36.34661393243965,-1.1766139324396505,46.75,64.02358254971861,-17.27358254971861,41.67,32.23957592880334,9.430424071196661
Hungary,2010,21.6425,18.481142332973572,3.161357667026426,29.776315789473685,28.90928193507722,0.867033854396464,20.97833333333333,19.830647943955725,1.1476853893776067
Hungary,2013,17.023333333333333,17.096245717708385,-0.07291238437505143,26.223157894736843,26.996950326446107,-0.7737924317092642,19.34777777777778,19.500009850839593,-0.15223207306181408
Hungary,2014,15.8525,16.35638855316327,-0.5038885531632715,25.30333333333333,26.67982217403193,-1.376488840698599,18.820625,19.366413357199242,-0.5457883571992426
Hungary,2016,10.13,13.65261782142262,-3.522617821422619,24.03,26.663222624132544,-2.633222624132543,18.81823529411765,19.23342067198453,-0.41518537786688015
Hungary,2017,14.85,15.798936754189924,-0.9489367541899245,27.145294117647055,27.439633730617757,-0.29433961297070255,20.31,19.551178259048477,0.7588217409515217
Hungary,2018,18.578333333333333,16.307785164998364,2.270548168334969,25.796315789473685,25.51329117843646,0.28302461103722365,18.802222222222223,18.218172894741105,0.584049327481118
Hungary,2019,14.804285714285712,13.709878126411864,1.0944075878738477,23.453529411764706,23.80837668049742,-0.35484726873271555,17.78,17.906192822503964,-0.12619282250396324
Iceland,2010,7.735,6.927153095238092,0.8078469047619086,20.95,16.26708653460627,4.682913465393728,7.23,6.653351130401238,0.5766488695987624
Iceland,2014,7.640000000000001,6.8967989285714255,0.743201071428575,6.03,11.622791458075653,-5.592791458075653,2.985,6.578739595537293,-3.593739595537293
Iceland,2015,6.43,6.637604547619045,-0.20760454761904512,9.5225,13.972586091269834,-4.450086091269833,11.4525,8.827786580294154,2.624713419705847
Iceland,2016,6.695,6.631531547619045,0.06346845238095522,8.907499999999999,9.621558492063492,-0.7140584920634936,8.215,8.604485405565004,-0.38948540556500433
Iceland,2017,5.2,5.690115616402116,-0.49011561640211543,10.2425,14.110407519841266,-3.867907519841266,7.814444444444444,8.851050284718587,-1.0366058402741434
Iceland,2018,4.333333333333333,5.643422015392012,-1.3100886820586792,9.415714285714284,14.110407519841266,-4.694693234126982,7.721428571428571,8.842077668977849,-1.1206490975492782
Iceland,2019,3.988,6.065932696608948,-2.0779326966089484,9.611428571428572,16.572081594130083,-6.960653022701511,8.5325,8.136076688330963,0.39642331166903766
India,2016,39.38616438356164,42.7100263067284,-3.32386192316676,98.44258064516129,95.36746333804446,3.0751173071168267,22.59691358024692,22.38929571299782,0.20761786724909825
India,2017,39.31032258064516,42.63666475975043,-3.326342179105268,95.31203389830507,95.65317890913539,-0.3411450108303171,22.6059375,22.397035356753825,0.20890214324617418
India,2018,42.80317073170732,42.81092703717107,-0.007756305463750834,100.66373456790124,95.65317890913539,5.010555658765853,22.58854889589905,22.459698463378203,0.12885043252084571
India,2019,39.6319696969697,42.39947532255247,-2.7675056255827712,98.68629179331307,94.63321404093091,4.0530777523821655,22.61812307692308,23.192894180865373,-0.5747711039422931
Ireland,2010,11.46,10.754288900600061,0.7057110993999398,17.084999999999997,16.333815924645542,0.7511840753544554,17.576666666666668,16.61311382030531,0.9635528463613596
Ireland,2013,10.876,10.392725536024402,0.48327446397559726,16.52375,15.963499594265397,0.5602504057346032,13.262857142857143,12.660352074629591,0.6025050682275523
Ireland,2014,7.57,9.562631910076178,-1.9926319100761773,14.72375,15.361816278697242,-0.6380662786972415,7.186,11.456730492921166,-4.270730492921166
Ireland,2015,7.025999999999999,8.759393700264969,-1.73339370026497,13.292857142857144,14.494728810561337,-1.201871667704193,6.658333333333334,11.247856172971685,-4.589522839638351
Ireland,2016,8.866666666666667,8.821985657403038,0.044681009263628724,13.75,14.281585574790233,-0.5315855747902329,14.577777777777776,14.144971868548296,0.43280590922947937
Ireland,2017,7.332857142857143,8.204593660459174,-0.8717365176020317,12.31,14.008151496671298,-1.6981514966712972,14.04875,14.290833708687737,-0.242083708687737
Ireland,2018,7.87125,8.661013853678984,-0.7897638536789842,13.586,14.353641617261601,-0.7676416172616012,13.678888888888888,14.876563178396006,-1.197674289507118
Ireland,2019,8.896153846153847,8.626750862314442,0.26940298383940586,14.208947368421054,14.248204158089912,-0.03925678966885826,16.474545454545453,15.10810424781743,1.3664412067280232
Italy,2010,20.088117647058823,13.369977767435971,6.718139879622852,27.55427118644068,22.053028024843012,5.501243161597667,27.788501362397817,25.022850932456024,2.765650429941793
Italy,2013,18.26977777777778,17.86813969709591,0.40163808068187024,25.558449612403106,25.276460122122753,0.2819894902803526,24.80948275862069,24.54886991395667,0.26061284466402057
Italy,2014,16.104313725490197,18.06822615985849,-1.963912434368293,23.50847517730497,26.463598752293834,-2.955123574988864,22.90990322580645,23.35656427928042,-0.4466610534739708
Italy,2015,18.68425414364641,18.13597804983164,0.5482760938147706,26.739369369369367,25.878269268408825,0.8611001009605417,23.551280653950958,23.392826765646618,0.15845388830434004
Italy,2016,16.37331550802139,17.44614390688314,-1.072828398861752,23.637455621301772,25.598410645168233,-1.960955023866461,21.959666666666667,22.53079059344243,-0.571123926775762
Italy,2017,17.186587677725118,16.68426843700125,0.5023192407238675,25.14640668523677,24.58488973691614,0.5615169483206301,21.84913366336633,21.86126990337084,-0.012136240004508636
Italy,2018,15.28847926267281,15.71744615355731,-0.42896689088449946,23.329441489361702,24.174932553046528,-0.8454910636848254,19.44833729216152,21.106170378589095,-1.6578330864275763
Italy,2019,14.4304,16.041277214199717,-1.610877214199716,22.60312668463612,24.125620477980807,-1.5224937933446867,19.41116113744076,21.103591838122625,-1.6924307006818644
Jordan,2019,26.83,24.31777342063492,2.512226579365077,55.4025,45.14357218606702,10.258927813932985,23.36,30.541208367871647,-7.181208367871648
Kuwait,2015,63.93333333333334,51.616812170965616,12.31652116236772,138.23181818181817,125.0173943769564,13.214423804861767,56.026363636363634,46.39214339198412,9.634220244379513
Kuwait,2016,35.09166666666667,45.3137877423942,-10.222121075727529,116.42923076923076,119.67356854813244,-3.2443377789016807,55.67428571428572,46.974651155900034,8.69963455838569
Kuwait,2017,65.986,44.021323413164225,21.96467658683578,147.10500000000002,107.15719280406833,39.94780719593169,36.47,38.03855325323854,-1.568553253238541
Kuwait,2019,40.74333333333333,28.393921262914564,12.349412070418769,112.01,76.67686682096551,35.33313317903449,28.158000000000005,27.395176793471368,0.7628232065286369
Kuwait,2020,37.444,28.52623682411684,8.917763175883163,114.3375,78.25574440195132,36.08175559804869,26.844,26.083439717662557,0.760560282337444
Latvia,2010,21.49,20.346149343253966,1.1438506567460323,26.0725,26.70782294287611,-0.6353229428761082,34.62,24.55550458142006,10.064495418579938
Latvia,2013,14.1,15.938009880952386,-1.8380098809523862,21.551666666666662,24.489062207491585,-2.937395540824923,17.582,19.226383680815392,-1.644383680815391
Latvia,2014,16.716,17.377458039682548,-0.6614580396825467,24.836,28.70715433022034,-3.8711543302203424,16.704,18.21122053136024,-1.5072205313602396
Latvia,2015,16.195,16.127241043650805,0.06775895634919493,21.222,23.892683750596234,-2.6706837505962326,15.712,16.06818459760803,-0.35618459760803134
Latvia,2016,13.797999999999998,13.747453371184372,0.050546628815625994,19.234,20.49121334176587,-1.257213341765869,13.074000000000002,13.722682057760158,-0.6486820577601566
Latvia,2017,12.712,12.933039589947091,-0.22103958994709139,18.138,20.82229191277703,-2.6842919127770273,12.11,14.018980487906283,-1.908980487906284
Latvia,2018,14.168,13.81672314607615,0.35127685392384933,21.872,21.108624767481356,0.7633752325186443,13.938,14.042959586860677,-0.10495958686067652
Latvia,2019,11.434,12.818133978327229,-1.3841339783272293,19.876,20.483541287202378,-0.6075412872023769,13.04,13.749920887786606,-0.7099208877866072
Lebanon,2014,27.0,25.141857556115184,1.858142443884816,41.75,49.776070995671,-8.026070995670999,59.0,45.21836428866686,13.781635711333138
Lebanon,2015,15.0,26.927600719729345,-11.927600719729345,43.0,54.23540842622655,-11.235408426226549,47.0,42.64637186675366,4.353628133246339
Lithuania,2010,15.856666666666667,15.62121144255051,0.2354552241161567,28.16111111111111,28.314969972863928,-0.15385886175281627,14.183333333333334,14.987379247630066,-0.8040459142967329
Lithuania,2013,15.086000000000002,14.862313844997596,0.2236861550024063,28.814,27.925368386404088,0.888631613595912,14.753333333333334,14.475862353505288,0.27747097982804547
Lithuania,2014,14.29,15.066654952380954,-0.7766549523809552,26.693125,29.83585421306058,-3.14272921306058,13.906666666666666,15.057540656580684,-1.1508739899140181
Lithuania,2015,12.48,13.280543312081441,-0.8005433120814409,23.0525,23.439291081615657,-0.3867910816156588,13.650666666666666,14.176262895502646,-0.5255962288359797
Lithuania,2016,11.041666666666666,12.576018630112944,-1.5343519634462783,21.219375,21.822989933613204,-0.6036149336132048,14.313999999999998,14.251632529761908,0.062367470238090306
Lithuania,2017,11.74,12.741980758089134,-1.0019807580891342,19.968888888888888,21.88492861627492,-1.916039727386032,14.001,14.674972997354496,-0.6739729973544968
Lithuania,2018,13.672,12.960838033068786,0.7111619669312148,24.32,23.087747876022895,1.232252123977105,16.505555555555556,15.45233926238458,1.0532162931709763
Lithuania,2019,13.163999999999998,12.867624842592596,0.29637515740740206,23.756,23.04640154789269,0.7095984521073113,14.57,15.18232257782187,-0.6123225778218693
Luxembourg,2010,14.073333333333332,20.194067242639527,-6.120733909306194,19.126666666666665,42.04663423632321,-22.919967569656542,23.734,23.079720264707472,0.6542797352925298
Luxembourg,2013,15.933333333333332,15.177418809523813,0.7559145238095191,19.245,21.657709267052393,-2.412709267052392,25.8275,23.49242750741288,2.33507249258712
Luxembourg,2014,11.736666666666666,12.481103928571429,-0.7444372619047623,18.3175,20.637796831154954,-2.3202968311549554,20.12333333333333,20.548521722524473,-0.4251883891911419
Luxembourg,2015,11.583333333333334,11.548016241732805,0.03531709160052898,19.4625,18.787431475996232,0.6750685240037662,21.956666666666667,20.18812283256029,1.768543834106378
Luxembourg,2016,11.103333333333332,11.000486200199044,0.10284713313428817,19.17,18.92435950285221,0.245640497147793,18.96,18.96073960193993,-0.0007396019399301679
Luxembourg,2017,9.84,9.729686847838433,0.11031315216156656,18.4225,18.50054519533245,-0.07804519533245013,18.006,19.78550565836157,-1.7795056583615683
Luxembourg,2018,9.483333333333333,9.429401482875413,0.053931850457919595,18.6475,18.42532999691975,0.22217000308025092,25.478571428571428,22.995354226782148,2.48321720178928
Luxembourg,2019,7.986666666666667,9.134455914877273,-1.1477892482106062,15.855,16.877979682542463,-1.0229796825424629,21.266666666666666,22.54574516825671,-1.2790785015900425
Malaysia,2019,20.966875,15.217053170626487,5.749821829373515,29.320625,23.90580466976043,5.414820330239571,13.470625,14.43464792153408,-0.9640229215340792
Malta,2010,14.983333333333333,13.185827386672168,1.7975059466611647,36.78333333333333,32.010999592352086,4.772333740981246,18.935,17.451957880761988,1.4830421192380108
Malta,2013,13.21,12.491927741750203,0.7180722582497978,30.203333333333333,31.48644685425685,-1.2831135209235178,17.555,14.314668880369828,3.240331119630172
Malta,2014,12.12,12.382047811194647,-0.26204781119464826,29.44,31.01712598124098,-1.5771259812409788,8.615,14.021189191887665,-5.406189191887664
Malta,2015,13.3125,12.54250478734228,0.7699952126577205,29.80666666666667,30.79350955266955,-0.9868428860028828,17.476666666666667,16.66981323362364,0.8068534330430275
Malta,2016,11.8725,12.494499747783276,-0.6219997477832759,33.17,31.385618957431443,1.7843810425685582,17.802500000000002,17.583286618596148,0.21921338140385416
Malta,2017,11.64,12.068988607804226,-0.4289886078042251,26.935,30.293680386002876,-3.3586803860028773,18.32333333333333,17.81521051916271,0.5081228141706191
Malta,2018,12.08125,12.383842754629622,-0.30259275462962165,31.53,30.975411774891764,0.5545882251082368,15.655,17.129447373960694,-1.474447373960695
Malta,2019,11.8,12.437448082010578,-0.637448082010577,29.87,30.194454375901863,-0.3244543759018619,14.9575,17.16966367924569,-2.212163679245691
Mexico,2010,22.677142857142854,23.559277643594505,-0.8821347864516511,53.06583333333333,51.7709905899529,1.2948427433804284,29.197142857142858,27.693726218960073,1.5034166381827845
Mexico,2011,26.82,24.820855156603567,1.999144843396433,57.78636363636363,52.2649660514973,5.521397584866335,26.89444444444445,26.98958245882824,-0.09513801438379232
Mexico,2012,23.88272727272727,24.440538610957933,-0.557811338230664,51.56470588235294,51.91771148549884,-0.35300560314590257,26.451818181818183,26.960165087695827,-0.5083469058776444
Mexico,2013,25.502727272727277,24.648013329058777,0.8547139436685001,52.003,51.06141795316347,0.9415820468365297,24.36357142857143,26.101576014965598,-1.7380045863941689
Mexico,2014,23.052727272727275,24.203639487334435,-1.1509122146071604,45.08055555555556,46.92748324757271,-1.8469276920171467,24.44,25.976171160206057,-1.536171160206056
Mexico,2015,24.638125,23.212097769550653,1.4260272304493462,43.770833333333336,45.108930286632905,-1.3380969532995692,23.83692307692308,27.212227546002477,-3.3753044690793956
Mexico,2016,22.24714285714285,23.56355187726401,-1.31640902012116,43.96416666666667,45.95542461153975,-1.9912579448730767,23.5925,27.50898974581511,-3.9164897458151096
Mexico,2018,20.1492,20.28854366905437,-0.13934366905436946,49.479,44.02156204539908,5.45743795460092,50.63714285714286,32.979380780410544,17.65776207673232
Mongolia,2011,132.0,81.00798448412696,50.992015515873035,232.0,174.0647578521825,57.93524214781749,49.0,40.08499132936509,8.915008670634911
Mongolia,2012,106.0,88.904091547619,17.095908452380996,253.0,182.99250028273804,70.00749971726196,50.0,45.918788432539685,4.081211567460315
Mongolia,2013,72.06,67.69818954365081,4.36181045634919,194.6,172.04414214631421,22.55585785368578,57.0,44.82968709550866,12.17031290449134
Mongolia,2014,64.21,56.71989401785716,7.490105982142836,186.5,145.2496180040627,41.25038199593729,39.0,38.12307912160938,0.8769208783906208
Mongolia,2015,75.0,61.66210193596681,13.33789806403319,141.0,119.32488667839105,21.675113321608947,37.0,38.596808003128665,-1.5968080031286647
Netherlands,2010,16.920526315789473,14.79040349662795,2.1301228191615227,25.34029411764706,23.062035942944195,2.278258174702863,25.18342857142857,23.58005799101668,1.603370580411891
Netherlands,2013,14.3271875,13.493550620194776,0.8336368798052245,21.87839285714286,20.78220121878448,1.0961916383583805,23.470769230769232,22.739821800442783,0.7309474303264487
Netherlands,2014,13.5278125,12.490648150142693,1.0371643498573064,20.947222222222223,20.599579152925795,0.34764306929642785,23.088979591836736,21.96607354511658,1.122906046720157
Netherlands,2015,12.5436,12.351710341319244,0.19188965868075591,19.17222222222222,19.485997039797457,-0.3137748175752364,21.693653846153843,21.93353039935886,-0.23987655320501844
Netherlands,2016,10.841612903225805,11.736743056295309,-0.8951301530695037,18.031960784313725,18.904169663267325,-0.8722088789536002,22.398000000000003,22.14706457916054,0.25093542083946474
Netherlands,2017,11.092058823529412,11.535723132706794,-0.4436643091773824,18.80549019607843,18.94741367144503,-0.14192347536659966,21.72352941176471,21.93522324594689,-0.21169383418218146
Netherlands,2018,12.340625,11.74498087984437,0.5956441201556295,20.0575,19.548820959829044,0.5086790401709571,20.96326086956521,20.796345217250693,0.16691565231451833
Netherlands,2019,10.91125,11.613789300227971,-0.7025393002279703,18.39,19.11522619162755,-0.7252261916275486,19.656458333333333,19.496287939085736,0.16017039424759716
New Zealand,2014,10.025,10.454037030843512,-0.42903703084351186,16.978484848484847,18.953818061221998,-1.9753332127371515,12.3825,12.567359876213873,-0.18485987621387245
New Zealand,2015,7.800909090909091,8.994742682534747,-1.1938335916256566,16.261764705882353,16.844084978668608,-0.5823202727862551,9.753333333333332,12.038257016483694,-2.284923683150362
New Zealand,2016,8.94357142857143,9.267202384968558,-0.32363095639712824,15.948484848484847,17.120681874410135,-1.1721970259252874,9.47,13.209462271484693,-3.739462271484692
New Zealand,2017,11.382222222222222,9.285905831609496,2.096316390612726,18.90153846153846,19.69092369198419,-0.7893852304457276,22.51,17.443554226939327,5.066445773060675
North Macedonia,2013,44.5,59.358361460317454,-14.858361460317454,83.4275,99.73119578258547,-16.30369578258548,23.43,28.11769163690478,-4.6876916369047805
North Macedonia,2016,40.18,57.49478407936508,-17.314784079365083,59.17625,104.19083787764315,-45.014587877643145,22.39,26.650461006579427,-4.260461006579426
North Macedonia,2017,43.48,57.08917974603174,-13.609179746031742,51.06333333333333,96.60877236177016,-45.54543902843683,22.203333333333333,26.908653550831467,-4.705320217498134
Norway,2010,10.55,13.146268736908986,-2.5962687369089856,20.74230769230769,26.547623152910706,-5.8053154606030155,30.13153846153846,27.421092738916983,2.710445722621479
Norway,2013,8.92125,9.712265103283407,-0.7910151032834065,20.698,23.52423964732278,-2.8262396473227795,30.37181818181818,26.860248860570042,3.511569321248139
Norway,2014,7.22,7.505374088044629,-0.2853740880446294,16.76611111111111,18.035644144205932,-1.2695330330948238,21.05235294117647,22.25638424370478,-1.2040313025283105
Norway,2015,6.521875,6.789507707383693,-0.2676327073836937,15.535,16.44369910217816,-0.9086991021781614,21.5405,21.09481295038623,0.44568704961377037
Norway,2016,6.5295000000000005,6.566977504495878,-0.037477504495877056,14.564,14.957029793950676,-0.39302979395067617,21.10818181818182,20.907010691734314,0.20117112644750534
Norway,2017,6.038333333333333,6.372414454743865,-0.3340811214105317,13.15,14.371975383905214,-1.2219753839052139,19.135185185185183,20.375628113352192,-1.2404429281670097
Norway,2018,7.0421875,6.885133503582934,0.15705399641706563,14.82857142857143,15.13284730470638,-0.30427587613495,19.499333333333333,20.40100504711214,-0.9016717137788071
Norway,2019,6.451612903225806,11.130392022747444,-4.6787791195216375,13.632285714285716,22.36745629565347,-8.735170581367752,19.421612903225807,20.894159709823725,-1.4725468065979186
Peru,2010,30.57,33.33349438161376,-2.7634943816137607,68.22333333333333,61.468602068819784,6.754731264513545,19.1425,17.496885017311374,1.645614982688624
Peru,2011,36.0625,33.28437843584656,2.7781215641534374,58.84,61.77220535207634,-2.9322053520763376,12.775,16.36576443299355,-3.5907644329935504
Peru,2012,30.37,32.881069983465615,-2.511069983465614,60.75333333333333,63.154102034236786,-2.4007687009034555,14.5975,16.297788048984977,-1.7002880489849765
Peru,2013,34.52166666666667,32.92174206679895,1.5999245998677196,65.3409090909091,65.86544224556538,-0.5245331546562824,19.64,17.239960905108475,2.4000390948915253
Peru,2014,32.928333333333335,33.05452583664022,-0.12619250330688203,72.49384615384616,69.97253266513513,2.52131348871103,17.455714285714286,17.212140459422695,0.2435738262915912
Peru,2015,27.425,28.659078830687836,-1.2340788306878352,74.98615384615385,71.09174506040556,3.894408785748297,16.503,18.030600805906822,-1.5276008059068218
Peru,2016,27.5,26.618606019841277,0.8813939801587232,79.36999999999999,69.32126666340211,10.048733336597877,29.692857142857143,26.912396023468222,2.780461119388921
Peru,2017,23.398,25.46381937698412,-2.0658193769841198,65.87666666666667,68.43153843496388,-2.554871768297218,26.875,26.567535178075516,0.30746482192448354
Peru,2018,25.99,24.719238326314517,1.270761673685481,71.85333333333334,64.61958379706924,7.233749536264099,18.82333333333333,23.39659485263563,-4.573261519302299
Poland,2010,29.421463414634147,26.093843726347114,3.327619688287033,37.05213235294118,33.90178911199654,3.150343240944636,17.919270833333332,17.10991134591918,0.8093594874141523
Poland,2013,24.48269841269841,25.115506569425047,-0.6328081567266359,32.988957055214726,33.260159288669854,-0.27120223345512784,16.83212962962963,16.824878805167657,0.0072508244619733375
Poland,2014,24.815303030303028,25.086466376506646,-0.27116334620361826,34.51909677419355,33.88839099671974,0.630705777473807,16.70656862745098,16.798800252858587,-0.09223162540760654
Poland,2015,23.29514285714286,24.286810752640385,-0.9916678954975247,32.82601226993865,32.96794193003207,-0.14192966009341745,16.503333333333334,16.53458328465812,-0.03124995132478503
Poland,2016,22.398028169014083,23.556883205677526,-1.158855036663443,31.040853658536584,31.781213119355698,-0.7403594608191142,16.367064220183487,16.5275513187676,-0.16048709858411314
Poland,2017,22.8744,22.74149774168144,0.13290225831856262,31.740173410404623,31.317295322663508,0.4228780877411147,16.223963963963964,16.05560313856647,0.16836082539749242
Poland,2018,23.2772,22.382268674752265,0.894931325247736,32.182500000000005,30.648101990532886,1.5343980094671181,16.15808695652174,15.818616460466817,0.33947049605492197
Poland,2019,18.734772727272727,21.776142479613387,-3.0413697523406604,26.367195767195764,28.525235030957678,-2.158039263761914,14.611487603305784,15.469937076800896,-0.8584494734951118
Portugal,2010,8.046,9.141463496823535,-1.0954634968235357,24.16744186046512,23.36571399957495,0.8017278608901712,21.375652173913043,19.83205960494696,1.5435925689660834
Portugal,2013,6.382857142857143,10.162714813502634,-3.779857670645491,20.347727272727276,21.713866420979958,-1.3661391482526817,14.8725,15.27957379487641,-0.4070737948764087
Portugal,2014,7.62,9.283960649921505,-1.6639606499215054,18.33242424242424,20.856694003737495,-2.5242697613132563,12.986,15.099083714678981,-2.1130837146789805
Portugal,2015,9.849285714285717,10.493875309436596,-0.6445895951508795,20.24897435897436,20.489754139371488,-0.24077978039712988,15.911081081081084,15.420854554340117,0.4902265267409671
Portugal,2016,7.197692307692307,9.13560947844568,-1.9379171707533729,17.984473684210524,22.32747505243718,-4.3430013682266555,14.715714285714284,16.4752814307166,-1.7595671450023147
Portugal,2017,9.309166666666666,8.656592308402134,0.6525743582645323,20.278,20.980427081195167,-0.7024270811951681,18.275172413793104,17.88583647238103,0.3893359414120745
Portugal,2018,7.857777777777778,8.695854659139325,-0.8380768813615473,17.94302325581395,20.89216770703753,-2.949144451223578,18.089189189189188,17.81560234657771,0.27358684261147914
Portugal,2019,6.546428571428572,8.198162715172394,-1.6517341437438224,17.427297297297297,19.903670191512404,-2.476372894215107,16.27230769230769,16.242565552772994,0.029742139534697287
Qatar,2017,44.0,40.419234098124114,3.5807659018758855,148.0,167.42777002219998,-19.42777002219998,29.0,34.63214652432488,-5.632146524324881
Qatar,2018,44.0,40.45243409812411,3.547565901875892,181.0,167.9752700222,13.024729977800007,47.0,38.726445425118534,8.273554574881466
Qatar,2019,41.0,40.203521598124105,0.7964784018758948,208.0,167.9752700222,40.02472997780001,42.0,38.260881350803956,3.739118649196044
Qatar,2020,33.0,29.400397683862426,3.599602316137574,108.0,79.7861283966589,28.213871603341104,28.0,31.74085058987969,-3.7408505898796918
Qatar,2021,38.0,36.760496664261666,1.239503335738334,150.0,145.73652342768338,4.26347657231662,30.0,31.947133147202006,-1.9471331472020061
Romania,2010,15.781578947368422,18.668179093687957,-2.8866001463195357,25.577894736842108,32.100118302127036,-6.5222235652849285,21.23,19.533300867893384,1.696699132106616
Romania,2013,16.054,20.358122658822122,-4.3041226588221235,24.576666666666668,30.41298200847811,-5.836315341811442,20.75354838709677,21.251934493124438,-0.49838610602766664
Romania,2014,14.504285714285714,17.933027372852447,-3.4287416585667323,22.85275,25.570686815924304,-2.717936815924304,17.030625,18.485743965849682,-1.4551189658496817
Romania,2015,16.768333333333334,17.72891127898616,-0.9605779456528261,24.475405405405407,25.201203958,-0.7257985525945934,16.298846153846153,17.965647171030454,-1.6668010171843015
Romania,2016,16.232499999999998,17.207923514679564,-0.9754235146795658,22.267096774193547,24.246142482744194,-1.9790457085506468,18.616666666666667,18.48758679111844,0.12907987554822853
Romania,2017,19.14333333333333,18.83534809322688,0.3079852401064507,24.52824561403509,26.367701947453767,-1.8394563334186778,18.98445945945946,19.305486884409678,-0.32102742495021985
Romania,2018,18.269166666666667,19.131543457542634,-0.8623767908759667,24.48625,26.36091897023312,-1.8746689702331203,20.11270588235294,19.637738846624405,0.47496703572853605
Romania,2019,15.9575,17.156453995690974,-1.1989539956909745,23.48,24.738639313425566,-1.2586393134255651,21.2075,19.818861355727766,1.388638644272234
Senegal,2013,30.0,32.81304163888888,-2.8130416388888833,130.0,111.74454970619658,18.25545029380342,36.16,29.61606809080385,6.5439319091961465
Senegal,2014,25.0,30.230329990079362,-5.230329990079362,125.0,119.42624712683151,5.5737528731684876,34.19,29.656372711715346,4.533627288284652
Senegal,2015,33.0,31.016682525252527,1.9833174747474729,145.0,140.75534408179018,4.244655918209816,19.6,23.89753287202382,-4.297532872023819
Senegal,2016,29.42,30.476722648809524,-1.0567226488095223,132.86,136.98285899801596,-4.122858998015943,20.33,23.20441159301348,-2.8744115930134804
Senegal,2017,19.86,31.383041473665227,-11.523041473665227,143.31,138.97904654872139,4.330953451278617,22.1,23.396627184944705,-1.296627184944704
Senegal,2018,42.0,36.92031813797191,5.079681862028089,136.19,137.1263652017196,-0.9363652017196102,15.68,21.35795791203275,-5.677957912032749
Serbia,2016,22.67,20.352857926090927,2.317142073909075,30.136666666666667,28.3031377836619,1.8335288830047674,20.242,19.791675568465585,0.4503244315344155
Singapore,2014,18.0,27.019069072788806,-9.019069072788806,30.0,66.95881998428756,-36.95881998428756,24.0,29.33158040033771,-5.33158040033771
Singapore,2018,15.0,26.728339330653014,-11.728339330653014,29.0,64.20286501533982,-35.202865015339825,26.0,32.17915120853664,-6.179151208536638
Slovakia,2010,21.6535,19.060464704838946,2.593035295161055,33.88423076923077,28.180868838503372,5.703361930727397,28.843,23.714935081854822,5.128064918145178
Slovakia,2014,19.21333333333333,18.172512601001515,1.0408207323318166,26.857222222222223,27.395856746381707,-0.5386345241594839,18.735714285714288,20.330067104074956,-1.5943528183606688
Slovakia,2015,18.6575,17.850410296516756,0.8070897034832427,27.49714285714285,26.742023255478752,0.7551196016640986,26.593333333333334,22.051691951409815,4.541641381923519
Slovakia,2016,14.9125,16.925364153439155,-2.012864153439155,22.46666666666667,25.860808450815334,-3.3941417841486654,19.11647058823529,20.393481978052808,-1.2770113898175168
Slovakia,2017,19.038888888888888,18.593902917548505,0.4449859713403832,26.538888888888888,26.372204802765836,0.16668408612305186,19.979,19.956789067935347,0.02221093206465241
Slovakia,2018,18.11740740740741,17.87804178218695,0.2393656252204579,25.626296296296296,25.18053450271498,0.4457617935813154,18.08047619047619,18.39703225769833,-0.316556067222141
Slovakia,2019,15.594074074074074,16.484420833333335,-0.8903467592592609,22.301111111111112,24.836770268643075,-2.5356591575319634,16.839523809523808,18.44609996472281,-1.6065761551990008
Slovenia,2010,18.69666666666667,16.358797040524284,2.3378696261423855,28.53090909090909,27.68545260138944,0.8454564895196519,22.098750000000003,21.372202398300665,0.7265476016993375
Slovenia,2013,17.143333333333334,15.480469248015865,1.6628640853174694,24.950714285714287,24.03480540100552,0.9159088847087666,21.023333333333333,21.064388915217936,-0.04105558188460279
Slovenia,2014,15.066666666666665,15.057381934303342,0.009284732363322945,22.395,23.60146973300509,-1.2064697330050898,19.014444444444443,20.515720323790415,-1.5012758793459717
Slovenia,2015,17.643333333333334,15.456653001977958,2.186680331355376,25.925714285714285,23.32036911756717,2.605345168147114,20.752222222222223,18.929598732735123,1.8226234894870998
Slovenia,2016,17.383333333333333,15.625017752204588,1.7583155811287448,23.70785714285714,23.249214930999333,0.45864221185780707,19.354444444444443,20.128750079332654,-0.7743056348882114
Slovenia,2017,16.53,16.11089284700176,0.4191071529982402,24.61357142857143,24.186418703245604,0.4271527253258256,22.384444444444444,20.656596870143684,1.7278475743007604
Slovenia,2018,15.3675,14.838476579365079,0.5290234206349211,24.03214285714285,24.61489799195512,-0.5827551348122704,18.667777777777776,19.606171462493982,-0.9383936847162069
Slovenia,2019,12.4525,14.792152524250445,-2.339652524250445,20.625,24.511875591950574,-3.8868755919505737,18.89,19.374574622066305,-0.48457462206630453
South Africa,2010,34.697500000000005,33.55963416726478,1.1378658327352227,42.53833333333333,40.67327935865478,1.8650539746785455,38.86,28.74953394889064,10.11046605110936
South Africa,2011,47.825,34.4937400717936,13.3312599282064,39.592,42.96643066603121,-3.374430666031209,21.346666666666664,26.05296596647966,-4.706299299812997
South Africa,2012,27.28857142857143,28.146840512968453,-0.8582690843970227,53.39,44.254841655763464,9.135158344236537,22.98,25.81988691027378,-2.83988691027378
South Africa,2013,24.225,23.76425355539423,0.4607464446057712,41.248000000000005,42.27354864456457,-1.0255486445645658,30.05875,26.963688410029715,3.0950615899702854
South Africa,2014,21.80333333333333,22.628227664050655,-0.8248943307173242,41.491,41.651468868546964,-0.16046886854696396,25.60666666666667,26.306492818612238,-0.6998261519455689
South Africa,2015,19.3625,20.62725275300196,-1.2647527530019609,35.33111111111111,39.82978018775803,-4.4986690766469195,23.5,25.21099457530369,-1.7109945753036904
South Africa,2016,22.85375,21.67362437145588,1.180125628544122,44.23090909090909,41.26440808531409,2.966501005594999,29.66111111111111,27.35339953893663,2.307711572174483
South Africa,2017,15.886,20.229637654615207,-4.343637654615208,31.282,38.80486648380941,-7.522866483809413,20.183333333333334,24.526691513318173,-4.34335817998484
South Africa,2018,22.49625,21.698022118023705,0.7982278819762954,40.72909090909091,40.684260419998516,0.044830489092390735,30.163,24.08549294657337,6.077507053426629
South Africa,2019,21.082666666666668,21.04144789894636,0.0412187677203093,43.00222222222222,41.325347156332136,1.676875065890087,18.64466666666667,21.106059843929003,-2.461393177262334
South Africa,2020,22.632857142857144,22.43089027843489,0.20196686442225342,36.92625,42.260768817975375,-5.334518817975372,16.485,19.238450076797868,-2.7534500767978685
South Africa,2021,22.334,22.12737362183787,0.20662637816213092,52.338125,46.906395653244424,5.431729346755574,16.84846153846154,19.56224471969951,-2.7137831812379716
Spain,2010,9.866119402985074,11.34599328957314,-1.4798738865880665,21.75533039647577,21.44480221910858,0.3105281773671891,18.09382838283829,16.398753894716513,1.6950744881217759
Spain,2013,8.446447368421053,8.895376570214568,-0.4489292017935149,18.33470873786408,19.063471354764946,-0.7287626169008661,15.800357142857145,15.87624626346726,-0.07588912061011577
Spain,2014,8.469135802469136,9.415540061990257,-0.9464042595211204,18.734103773584906,19.225096308124506,-0.49099253453960046,15.480899653979238,15.676544684255107,-0.19564503027586966
Spain,2015,9.496781609195402,9.073001514276108,0.42378009491929447,20.3142523364486,19.64822203351839,0.6660303029302099,16.832926829268292,16.42976076704113,0.4031660622271609
Spain,2016,8.35840909090909,8.951828820308247,-0.593419729399157,18.64212962962963,19.493016332873133,-0.8508867032435035,15.606470588235291,15.924701579557102,-0.3182309913218102
Spain,2017,9.550217391304349,10.17906431380662,-0.6288469225022713,20.3150462962963,20.196099742278196,0.11894655401810184,16.50164948453608,16.03083397452832,0.47081551000776045
Spain,2018,9.016129032258064,11.158167259520562,-2.142038227262498,17.97262910798122,19.515009960789474,-1.5423808528082539,14.50216494845361,15.364982109332663,-0.8628171608790538
Spain,2019,8.96968085106383,9.55050989953545,-0.580829048471621,18.77761467889908,19.056049105719623,-0.2784344268205423,14.307256944444443,15.01396355566822,-0.7067066112237761
Sweden,2010,7.445555555555556,7.324533160379903,0.12102239517565305,17.247307692307693,16.790867469550882,0.45644022275681095,20.39055555555556,18.095418935586874,2.2951366199686873
Sweden,2013,6.3775,7.154588296031618,-0.7770882960316179,17.93375,16.979088808180972,0.954661191819028,17.69962962962963,16.967402517183107,0.7322271124465232
Sweden,2014,8.085,7.3091314990334535,0.7758685009665474,17.503461538461536,16.99612179242744,0.5073397460340949,15.652941176470586,15.98675352967321,-0.3338123532026245
Sweden,2015,6.3853333333333335,6.647209367606754,-0.26187603427342054,15.10206896551724,15.486518841215839,-0.3844498756985981,14.02742857142857,15.803193312492995,-1.7757647410644246
Sweden,2016,5.863684210526316,6.3606927225486825,-0.49700851202236684,13.97809523809524,15.21157040022224,-1.2334751621270001,14.76288888888889,15.317138184750362,-0.5542492958614726
Sweden,2017,5.022,6.307184544817351,-1.2851845448173504,13.711666666666666,15.232008691650647,-1.5203420249839805,14.239583333333334,15.171349144590788,-0.9317658112574545
Sweden,2018,6.572222222222222,6.494856449155784,0.07736577306643788,17.231714285714286,16.411529564690834,0.8201847210234519,15.248297872340425,15.23668685242523,0.011611019915195087
Sweden,2019,5.623333333333333,6.060102244117352,-0.4367689107840187,15.8825,16.094960310362058,-0.21246031036205792,14.380476190476193,15.45730969238719,-1.076833501910997
Switzerland,2011,14.577777777777776,12.50024035444253,2.0775374233352455,20.764814814814816,18.111472479056637,2.653342335758179,25.14820224719101,23.783211605886304,1.3649906413047042
Switzerland,2012,12.733333333333333,13.223249553993531,-0.4899162206601986,17.846913580246913,18.006559141555982,-0.1596455613090697,24.236704545454543,24.12778336974307,0.10892117571147253
Switzerland,2013,14.046153846153846,13.336676169431009,0.7094776767228375,18.128773584905662,17.82797450942244,0.3007990754832228,24.569375,24.231214912166575,0.3381600878334261
Switzerland,2014,8.977777777777778,10.553169339248624,-1.5753915614708465,14.95888888888889,16.070573246227227,-1.111684357338337,23.23872093023256,23.759809379303473,-0.5210884490709127
Switzerland,2015,11.447333333333336,10.854306664253466,0.5930266690798707,16.563469387755102,15.717885252455538,0.8455841352995641,23.96019230769231,23.369384436489717,0.5908078712025926
Switzerland,2016,10.22375,10.645108956959007,-0.42135895695900594,14.366458333333334,14.304287558602287,0.062170774731047374,22.4299,22.27787086080803,0.15202913919197059
Switzerland,2017,11.481851851851852,11.124704548360205,0.35714730349164725,14.603365384615383,14.41849935478901,0.1848660298263738,22.491904761904763,21.736873984289264,0.7550307776154987
Switzerland,2018,11.253684210526316,10.913910098126369,0.33977411239994737,14.63190476190476,14.066547972813542,0.5653567890912186,20.221238095238096,20.369573498386725,-0.1483354031486286
Switzerland,2019,9.358064516129032,10.497694030566631,-1.1396295144375994,13.0262,14.28232596194244,-1.2561259619424412,19.298823529411766,20.078477282661467,-0.7796537532497005
Switzerland,2020,9.084821428571429,10.21580599039576,-1.1309845618243308,12.726923076923075,14.372294980240515,-1.6453719033174394,16.98155844155844,18.64792464567591,-1.6663662041174696
Thailand,2015,27.87,25.000832618547378,2.8691673814526233,39.845,42.90802899221331,-3.0630289922133116,19.47,20.185723597006646,-0.7157235970066473
Thailand,2019,24.6659375,24.207476628092248,0.4584608719077501,43.5358064516129,45.90130627892008,-2.3654998273071826,20.174,22.20820774298721,-2.03420774298721
Trinidad And Tobago,2016,11.9,12.5583112695707,-0.6583112695706994,25.2,27.167460412920406,-1.9674604129204063,13.3,11.315228506263617,1.9847714937363836
Trinidad And Tobago,2017,14.7,13.13379014357864,1.5662098564213593,26.575000000000003,26.297269631479626,0.2777303685203769,8.0,13.992604682707176,-5.992604682707176
Trinidad And Tobago,2018,12.4,13.554713491792928,-1.1547134917929274,23.05,30.938373466533463,-7.888373466533462,6.550000000000001,10.912944449812755,-4.362944449812755
Trinidad And Tobago,2019,11.933333333333332,16.341129047348485,-4.407795714015153,28.5,43.62918031218782,-15.12918031218782,12.4,15.72921759801446,-3.329217598014459
Turkey,2016,23.010625,24.09414322411403,-1.0835182241140302,51.20863636363636,50.65332826043853,0.5553081031978309,32.3675,29.22326764632413,3.1442323536758714
Turkey,2017,25.145,23.94590105652071,1.1990989434792887,50.28619565217391,48.28021343559774,2.0059822165761716,30.5114,29.00986508696912,1.501534913030877
Turkey,2018,22.94173913043478,23.112113259547655,-0.17037412911287575,48.82899999999999,48.31378471998683,0.515215280013166,27.411428571428573,28.792438188190623,-1.38100961676205
Turkey,2019,21.86659090909091,21.99422387685814,-0.1276329677672301,45.84943396226415,47.80345132169117,-1.95401735942702,29.81358208955224,29.51706005339724,0.2965220361550003
United Arab Emirates,2017,32.79,36.02295614017683,-3.2329561401768316,116.5225,97.06333990463264,19.459160095367352,44.042,38.512824915512375,5.529175084487626
United Arab Emirates,2018,51.53,47.26139575657898,4.268604243421024,112.718,108.71552414823624,4.002475851763762,39.478,38.477020502049086,1.0009794979509152
United Arab Emirates,2019,45.64,41.82630347086468,3.8136965291353206,103.564,101.67821884344382,1.8857811565561775,35.094,37.93217004554527,-2.8381700455452687
United Kingdom,2010,12.457954545454545,12.398712667338422,0.05924187811612214,18.40081081081081,20.38007809936363,-1.979267288552819,28.320138888888888,24.820306096924426,3.4998327919644616
United Kingdom,2013,12.167962962962964,13.22834877502384,-1.0603858120608756,17.77,19.890613352000642,-2.1206133520006425,24.03494252873563,24.243060506247947,-0.2081179775123161
United Kingdom,2014,11.78078431372549,11.822263011858809,-0.04147869813331795,16.56477272727273,18.34497533662993,-1.7802026093572003,23.699634146341467,23.64631433543179,0.0533198109096773
United Kingdom,2015,9.73206896551724,10.953085807812144,-1.2210168422949046,15.437446808510638,16.656703132056776,-1.2192563235461389,22.853736263736263,23.362467153354984,-0.5087308896187217
United Kingdom,2016,9.798867924528302,10.381394948622596,-0.5825270240942935,16.059302325581395,16.18377675023691,-0.12447442465551362,25.041685393258422,23.59402687043869,1.447658522819733
United Kingdom,2017,9.063207547169812,9.520919383304676,-0.4577118361348642,14.619347826086956,15.863510369265246,-1.2441625431782892,22.74113402061856,22.461669583580303,0.2794644370382571
United Kingdom,2018,9.838596491228069,9.692992478510144,0.145604012717925,16.14979166666667,16.123434149936696,0.02635751672997344,21.817941176470587,22.07371940885915,-0.2557782323885647
United Kingdom,2019,9.592131147540984,9.874978314800511,-0.2828471672595274,16.043035714285715,16.356858523075935,-0.3138228087902206,21.674392523364485,21.855215269562155,-0.18082274619766991
